"Sample_ID","Code","Sample_Date","Sample_Time","Gage_Ht","Temp","pH","Cond","Cl","NO3-N","SO4-S","Na","K","Mg","Ca","NH4-N","PO4-P","DOC","DIC","TDN","TDP","SiO2","DON","ChlorideCode","NitrateCode","SulfateCode","SodiumCode","PotassiumCode","MagnesiumCode","CalciumCode","NH4Code","PO4Code","DOCCode","DICCode","TDNCode","SiO2Code","DONCode","TSS"
"QPA",1577,1989-06-06,NA,NA,21,6.79,49.4,NA,27,1.88,5.08,0.29,2.14,2.26,NA,NA,NA,NA,NA,NA,NA,NA,"NA","NA","NA","NA","NA","NA","NA","NA","NA","NA","NA","NA","NA","NA",NA
"QPA",1603,1989-06-13,1055,NA,NA,7.2,70.5,NA,54,NA,6.17,0.35,3.35,4.15,NA,NA,NA,NA,0.36,NA,NA,NA,"NA","NA","NA","NA","NA","NA","NA","NA","NA","NA","NA","NA","NA","NA",NA
"QPA",1658,1989-06-20,940,NA,21.5,6.83,59.3,NA,32,3.8,5.59,0.34,2.77,3.1,NA,NA,NA,NA,NA,NA,17.35,NA,"NA","NA","NA","NA","NA","NA","NA","NA","NA","NA","NA","NA","NA","NA",NA
"QPA",1690,1989-06-27,925,NA,22,7.07,77,NA,74,0.46,6.55,0.41,3.88,4.67,NA,NA,NA,NA,NA,NA,31.07,NA,"NA","NA","NA","NA","NA","NA","NA","NA","NA","NA","NA","NA","NA","NA",NA
"QPA",1698,1989-07-05,NA,NA,NA,7,65.2,NA,10,NA,5.97,0.48,2.91,3.69,NA,NA,NA,NA,0.31,NA,13.13,NA,"NA","NA","NA","NA","NA","NA","NA","NA","NA","NA","NA","NA","NA","NA",NA
"QPA",1985,1989-07-11,NA,NA,NA,7.12,69.4,NA,59,0.42,6.21,0.47,3.27,3.95,NA,NA,NA,NA,0.12,NA,40.3,NA,"NA","NA","NA","NA","NA","NA","NA","NA","NA","NA","NA","NA","NA","NA",NA
"QPA",2035,1989-07-18,947,NA,22,7.15,64.1,NA,48,NA,6.09,0.46,3,3.65,NA,NA,NA,NA,0.42,NA,33.83,NA,"NA","NA","NA","NA","NA","NA","NA","NA","NA","NA","NA","NA","NA","NA",NA
"QPA",2059,1989-07-26,NA,NA,NA,7.19,65,NA,10,NA,6.05,NA,2.84,3.73,NA,NA,NA,NA,NA,NA,NA,NA,"NA","NA","NA","NA","BDL","NA","NA","NA","NA","NA","NA","NA","NA","NA",NA
"QPA",2115,1989-08-01,NA,NA,NA,6.82,56.9,NA,59,NA,5.52,0.42,2.57,3.26,NA,NA,NA,NA,0.44,NA,16.98,NA,"NA","NA","NA","NA","NA","NA","NA","NA","NA","NA","NA","NA","NA","NA",NA
"QPA",2126,1989-08-08,1100,NA,22,7.23,74.2,NA,170,NA,6.54,0.43,3.82,4.14,NA,NA,NA,NA,NA,NA,22.57,NA,"NA","NA","NA","NA","NA","NA","NA","NA","NA","NA","NA","NA","NA","NA",NA
"QPA",2140,1989-08-15,1125,NA,22,6.88,68.9,NA,51,NA,6.33,0.4,3.52,3.97,NA,NA,NA,NA,NA,NA,20.04,NA,"NA","NA","NA","NA","NA","NA","NA","NA","NA","NA","NA","NA","NA","NA",NA
"QPA",2153,1989-08-22,1050,NA,21.5,6.76,62.3,NA,44,NA,4.63,0.34,1.94,2.36,NA,NA,NA,NA,NA,NA,12.18,NA,"NA","NA","NA","NA","NA","NA","NA","NA","NA","NA","NA","NA","NA","NA",NA
"QPA",2162,1989-08-29,1005,NA,21,6.63,49.3,NA,39,NA,4.61,0.37,2.06,2.87,NA,NA,NA,NA,0.27,NA,15,NA,"NA","NA","NA","NA","NA","NA","NA","NA","NA","NA","NA","NA","NA","NA",NA
"QPA",2201,1989-09-05,921,NA,22,7.11,66.4,NA,99,NA,5.48,0.36,3.26,3.81,NA,NA,NA,NA,NA,NA,19.74,NA,"NA","NA","NA","NA","NA","NA","NA","NA","NA","NA","NA","NA","NA","NA",NA
"QPA",2213,1989-09-12,920,NA,21,6.63,72.9,NA,19,0.63,5.16,0.41,2.62,3.42,NA,NA,NA,NA,0.27,NA,16.97,NA,"NA","NA","NA","NA","NA","NA","NA","NA","BDL","NA","NA","NA","NA","NA",NA
"QPA",2222,1989-09-26,NA,NA,21,6.81,97.4,NA,NA,1.2,7.2,1.14,3.07,3.78,NA,NA,NA,NA,NA,NA,15.17,NA,"NA","BDL","NA","NA","NA","NA","NA","NA","NA","NA","NA","NA","NA","NA",NA
"QPA",2235,1989-10-03,1200,NA,22,7.053,62,NA,NA,0.6,6.2,0.56,2.69,2.9,NA,NA,NA,NA,NA,NA,16.48,NA,"NA","BDL","NA","NA","NA","NA","NA","NA","BDL","NA","NA","NA","NA","NA",NA
"QPA",2250,1989-10-10,1113,NA,22,7.148,90.2,8.76,81,0.47,7.1,0.62,3.74,4.41,NA,NA,NA,NA,NA,NA,31.3,NA,"NA","NA","NA","NA","NA","NA","NA","NA","BDL","NA","NA","NA","NA","NA",NA
"QPA",2258,1989-10-17,1248,NA,19.5,7.599,116,8.44,156,0.77,7.69,0.72,3.94,4.73,NA,NA,NA,NA,NA,NA,36.82,NA,"NA","NA","NA","NA","NA","NA","NA","NA","BDL","NA","NA","NA","NA","NA",NA
"QPA",2269,1989-10-24,NA,NA,NA,6.722,75,7.01,122,0.77,6.54,0.73,2.83,3.35,NA,NA,NA,NA,NA,NA,25.44,NA,"NA","NA","NA","NA","NA","NA","NA","NA","NA","NA","NA","NA","NA","NA",NA
"QPA",2302,1989-10-31,1340,NA,22,7.166,100.1,NA,356,0.83,7.63,0.85,4.06,4.42,NA,NA,NA,NA,NA,NA,NA,NA,"NA","NA","NA","NA","NA","NA","NA","NA","BDL","NA","NA","NA","NA","NA",NA
"QPA",2312,1989-11-07,NA,NA,NA,NA,NA,NA,420,1.03,7.35,0.95,3.79,4.27,NA,NA,NA,NA,NA,NA,NA,NA,"NA","NA","NA","NA","NA","NA","NA","NA","BDL","NA","NA","NA","NA","NA",NA
"QPA",2329,1989-11-14,1120,NA,22,7.322,97.5,NA,627,0.93,6.92,0.94,3.64,4.18,NA,15,NA,NA,NA,NA,NA,NA,"NA","NA","NA","NA","NA","NA","NA","NA","NA","NA","NA","NA","NA","NA",NA
"QPA",2356,1989-11-21,NA,NA,NA,NA,NA,NA,259,0.57,6.88,0.74,3.87,4.3,NA,NA,NA,NA,NA,NA,NA,NA,"NA","NA","NA","NA","NA","NA","NA","NA","BDL","NA","NA","NA","NA","NA",NA
"QPA",2371,1989-11-28,1300,NA,21,7.727,112,8.22,228,0.5,5.96,0.7,4.18,5.24,NA,NA,NA,NA,NA,NA,32.76,NA,"NA","NA","NA","NA","NA","NA","NA","NA","BDL","NA","NA","NA","NA","NA",NA
"QPA",2382,1989-12-05,1135,NA,21,7.74,97,8.42,215,0.5,5.96,0.56,4.36,5.67,NA,NA,NA,NA,NA,NA,34.15,NA,"NA","NA","NA","NA","NA","NA","NA","NA","BDL","NA","NA","NA","NA","NA",NA
"QPA",2393,1989-12-12,1025,NA,21.5,6.65,78.2,6.92,10,2.93,6.32,0.87,2.63,11.05,NA,NA,NA,NA,NA,NA,25.44,NA,"NA","NA","NA","NA","NA","NA","NA","NA","BDL","NA","NA","NA","NA","NA",NA
"QPA",2421,1989-12-19,1130,NA,21,6.81,84.1,NA,247,NA,6.28,0.52,4.66,6.24,NA,NA,NA,NA,NA,NA,NA,NA,"NA","NA","NA","NA","NA","NA","NA","NA","BDL","NA","NA","NA","NA","NA",NA
"QPA",2432,1989-12-26,1230,NA,21,7.3,86.2,NA,201,NA,6.2,0.52,4.78,6.36,NA,NA,NA,NA,NA,NA,NA,NA,"NA","NA","NA","NA","NA","NA","NA","NA","BDL","NA","NA","NA","NA","NA",NA
"QPA",2443,1990-01-02,1110,NA,21,6.76,60.6,NA,785,0.53,6.03,0.7,2.21,2.52,NA,NA,NA,NA,NA,NA,NA,NA,"NA","NA","NA","NA","NA","NA","NA","NA","BDL","NA","NA","NA","NA","NA",NA
"QPA",2454,1990-01-09,1035,NA,20,7.06,77.9,NA,258,NA,6.05,0.62,4.47,6.03,NA,NA,NA,NA,NA,NA,NA,NA,"NA","NA","NA","NA","NA","NA","NA","NA","BDL","NA","NA","NA","NA","NA",NA
"QPA",2485,1990-01-16,1120,NA,21,6.77,77.8,NA,464,NA,5.93,0.69,4.13,5.38,NA,NA,NA,NA,0.6,NA,29.48,NA,"NA","NA","NA","NA","NA","NA","NA","NA","BDL","NA","NA","NA","NA","NA",NA
"QPA",2494,1990-01-23,1115,NA,20,6.97,68.7,8,41,0.8,5.68,0.78,3.52,1.99,NA,NA,NA,NA,0.45,NA,15.61,NA,"NA","NA","NA","NA","NA","NA","NA","NA","BDL","NA","NA","NA","NA","NA",NA
"QPA",2509,1990-01-30,1100,NA,20,6.95,81.6,6.83,256,0.38,5.54,0.6,3.07,3.8,NA,NA,NA,NA,0.45,NA,14.48,NA,"NA","NA","NA","NA","NA","NA","NA","NA","BDL","NA","NA","NA","NA","NA",NA
"QPA",2541,1990-02-06,1050,NA,19.5,6.9,94.9,12.75,161,0.33,6.74,0.64,3.21,4.06,NA,NA,NA,NA,0.42,NA,12.23,NA,"NA","NA","NA","NA","NA","NA","NA","NA","NA","NA","NA","NA","NA","NA",NA
"QPA",2552,1990-02-13,1035,NA,20,6.82,85.1,10.44,753,0.55,6.38,0.7,3.46,4.02,NA,NA,NA,NA,NA,NA,9.99,NA,"NA","NA","NA","NA","NA","NA","NA","NA","BDL","NA","NA","NA","NA","NA",NA
"QPA",2566,1990-02-20,1230,NA,20,6.93,73,10.92,457,0.59,5.67,0.89,3.68,4.51,NA,NA,NA,NA,0.31,NA,9.98,NA,"NA","NA","NA","NA","NA","NA","NA","NA","BDL","NA","NA","NA","NA","NA",NA
"QPA",2604,1990-02-27,150,NA,20,7.15,72.2,10.49,223,0.33,6.74,0.72,3.7,4.67,NA,NA,NA,NA,NA,NA,9.12,NA,"NA","NA","NA","NA","NA","NA","NA","NA","BDL","NA","NA","NA","NA","NA",NA
"QPA",2614,1990-03-06,1055,NA,20,6.95,84.9,5.32,155,0.28,6.6,0.8,3.51,4.2,NA,NA,NA,NA,NA,NA,9.29,NA,"NA","NA","NA","NA","NA","NA","NA","NA","BDL","NA","NA","NA","NA","NA",NA
"QPA",2625,1990-03-13,1010,NA,20,6.55,52.4,7.6,467,0.74,4.61,1.11,1.21,1.73,NA,NA,NA,NA,NA,NA,2.22,NA,"NA","NA","NA","NA","NA","NA","NA","NA","BDL","NA","NA","NA","NA","NA",NA
"QPA",2661,1990-03-20,1155,NA,20,7.24,83.3,9.62,232,0.58,6.44,0.89,3.53,4.23,NA,NA,NA,NA,NA,NA,9.45,NA,"NA","NA","NA","NA","NA","NA","NA","NA","BDL","NA","NA","NA","NA","NA",NA
"QPA",2672,1990-03-27,NA,NA,NA,NA,NA,10.22,560,0.76,6.03,0.83,3.07,3.78,NA,NA,NA,NA,NA,NA,6.6,NA,"NA","NA","NA","NA","NA","NA","NA","NA","BDL","NA","NA","NA","NA","NA",NA
"QPA",2739,1990-04-03,1027,NA,NA,7.34,92.3,NA,188,0.58,6.76,0.73,3.9,4.91,NA,NA,1.73,NA,NA,NA,NA,NA,"NA","NA","NA","NA","NA","NA","NA","NA","NA","NA","NA","NA","NA","NA",NA
"QPA",2940,1990-04-10,1054,NA,21,7.13,99.7,NA,7,0.51,7.2,0.73,4.2,5.3,NA,NA,0.65,NA,0.61,NA,NA,NA,"NA","NA","NA","NA","NA","NA","NA","NA","BDL","NA","NA","NA","NA","NA",NA
"QPA",2994,1990-04-17,1022,NA,NA,7.09,100.5,NA,131,0.68,6.42,0.72,4.1,5.15,NA,NA,1.2,NA,0.69,NA,NA,NA,"NA","NA","NA","NA","NA","NA","NA","NA","BDL","NA","NA","NA","NA","NA",NA
"QPA",3005,1990-04-24,NA,NA,NA,NA,NA,NA,148,NA,1.37,0.7,4.27,5.37,NA,NA,1.15,NA,NA,NA,NA,NA,"NA","NA","NA","NA","NA","NA","NA","NA","BDL","NA","NA","NA","NA","NA",NA
"QPA",3036,1990-05-01,1034,NA,21,7.11,83.3,NA,272,0.52,5.8,0.69,3.52,4.3,NA,NA,1.77,NA,0.68,NA,NA,NA,"NA","NA","NA","NA","NA","NA","NA","NA","BDL","NA","NA","NA","NA","NA",NA
"QPA",3215,1990-05-08,1008,NA,22,6.97,101.6,9.42,158,0.34,6.38,0.74,4.27,5.4,NA,NA,NA,NA,0.3,NA,10.56,NA,"NA","NA","NA","NA","NA","NA","NA","NA","NA","NA","NA","NA","NA","NA",NA
"QPA",3225,1990-05-15,1010,NA,21,7.08,77.3,9.7,366,NA,5.61,0.74,3.01,3.65,NA,NA,2.47,NA,0.83,NA,6.6,NA,"NA","NA","NA","NA","NA","NA","NA","NA","BDL","NA","NA","NA","NA","NA",NA
"QPA",3241,1990-05-22,954,NA,22,7.17,100.1,NA,184,0.43,6.27,0.79,3.93,4.75,NA,NA,0.81,NA,0.46,NA,NA,NA,"NA","NA","NA","NA","NA","NA","NA","NA","BDL","NA","NA","NA","NA","NA",NA
"QPA",3348,1990-05-29,1012,NA,23,6.72,101.9,8.86,173,0.42,6.73,0.74,4.34,5.28,NA,NA,2.52,NA,0.33,NA,NA,NA,"NA","NA","NA","NA","NA","NA","NA","NA","BDL","NA","NA","NA","NA","NA",NA
"QPA",3455,1990-06-05,930,NA,22,6.96,87.2,9.25,230,0.51,6.43,0.72,3.8,4.6,NA,NA,1.58,NA,NA,NA,NA,NA,"NA","NA","NA","NA","NA","NA","NA","NA","BDL","NA","NA","NA","NA","NA",NA
"QPA",3469,1990-06-12,1031,NA,22.5,7.11,87,7.55,198,0.4,6.19,0.76,3.75,4.45,NA,NA,0.95,NA,1.08,NA,NA,NA,"NA","NA","NA","NA","NA","NA","NA","NA","BDL","NA","NA","NA","NA","NA",NA
"QPA",3480,1990-06-19,1000,NA,23,6.98,93.4,9.15,175,0.49,6.46,0.72,4.11,5.06,NA,NA,1.27,NA,NA,NA,NA,NA,"NA","NA","NA","NA","NA","NA","NA","NA","BDL","NA","NA","NA","NA","NA",NA
"QPA",3491,1990-06-26,1003,NA,22,6.85,68.1,NA,365,0.64,5.6,0.77,2.77,3.49,NA,NA,2.51,NA,0.79,NA,NA,NA,"NA","NA","NA","NA","NA","NA","NA","NA","NA","NA","NA","NA","NA","NA",NA
"QPA",3502,1990-07-03,1059,NA,23,7.27,91.5,8.02,181,0.85,6.52,0.74,4.11,5.13,NA,NA,1.13,NA,0.59,NA,10.06,NA,"NA","NA","NA","NA","NA","NA","NA","NA","BDL","NA","NA","NA","NA","NA",NA
"QPA",3513,1990-07-10,1025,NA,22.5,7.15,91.3,9.95,179,1.07,6.39,0.73,4.24,5.13,NA,NA,1,NA,0.52,NA,9.7,NA,"NA","NA","NA","NA","NA","NA","NA","NA","BDL","NA","NA","NA","NA","NA",NA
"QPA",3527,1990-07-17,112,NA,23,7.06,77.3,7.58,157,0.58,6.14,0.69,3.83,4.68,NA,12,3.26,NA,NA,NA,8.55,NA,"NA","NA","NA","NA","NA","NA","NA","NA","NA","NA","NA","NA","NA","NA",NA
"QPA",3538,1990-07-24,1055,NA,22,6.95,63.4,NA,354,0.76,5.24,0.69,2.65,0.34,NA,NA,NA,NA,NA,NA,NA,NA,"NA","NA","NA","NA","NA","NA","NA","NA","BDL","NA","NA","NA","NA","NA",NA
"QPA",3549,1990-07-31,956,NA,23,7.07,94,NA,95,0.33,6.59,0.64,4.32,5.35,NA,NA,1.18,NA,NA,NA,NA,NA,"NA","NA","NA","NA","NA","NA","NA","NA","BDL","NA","NA","NA","NA","NA",NA
"QPA",3560,1990-08-07,1100,NA,23,6.92,91.8,NA,114,0.42,6.68,0.63,4.09,4.95,NA,NA,1.61,NA,0.31,NA,NA,NA,"NA","NA","NA","NA","NA","NA","NA","NA","BDL","NA","NA","NA","NA","NA",NA
"QPA",3668,1990-08-14,1120,NA,22.5,7.09,65.8,11.23,274,0.78,5.3,0.63,2.32,2.71,NA,14,1.97,NA,0.45,NA,7.02,NA,"NA","NA","NA","NA","NA","NA","NA","NA","NA","NA","NA","NA","NA","NA",NA
"QPA",3679,1990-08-21,1013,NA,24,7.16,90,11.64,154,0.64,6.77,0.68,3.74,4.49,NA,NA,1.31,NA,0.21,NA,NA,NA,"NA","NA","NA","NA","NA","NA","NA","NA","BDL","NA","NA","NA","NA","NA",NA
"QPA",3690,1990-08-28,930,NA,23,6.21,78.4,4.04,10,0.65,6.06,0.52,3.45,3.67,NA,NA,1.2,NA,0.32,NA,NA,NA,"NA","NA","NA","NA","NA","NA","NA","NA","BDL","NA","NA","NA","NA","NA",NA
"QPA",3701,1990-09-04,944,NA,23,7.498,86.7,13.27,58,0.95,6.29,0.56,3.66,4.74,NA,10,1.88,NA,0.34,NA,NA,NA,"NA","NA","NA","NA","NA","NA","NA","NA","NA","NA","NA","NA","NA","NA",NA
"QPA",3712,1990-09-11,1045,NA,24,7.44,91.5,8.23,21,0.58,7.02,0.6,4.36,5.63,NA,4,0.94,NA,0.16,NA,NA,NA,"NA","NA","NA","NA","NA","NA","NA","NA","NA","NA","NA","NA","NA","NA",NA
"QPA",3723,1990-09-18,1025,NA,24,7.33,78.6,7.94,108,0.29,5.68,0.58,3.84,4.78,NA,NA,NA,NA,0.3,NA,NA,NA,"NA","NA","NA","NA","NA","NA","NA","NA","BDL","NA","NA","NA","NA","NA",NA
"QPA",3994,1990-09-25,900,NA,22.5,7.36,92.6,8.69,117,0.74,6.22,0.6,3.79,5.03,NA,NA,2.64,NA,0.3,NA,NA,NA,"NA","NA","NA","NA","NA","NA","NA","NA","BDL","NA","NA","NA","NA","NA",NA
"QPA",4014,1990-10-02,915,NA,23.5,7.26,96.4,9.39,115,0.73,5.9,0.45,3.47,4.27,NA,NA,4.22,NA,0.32,NA,NA,NA,"NA","NA","NA","NA","NA","NA","NA","NA","BDL","NA","NA","NA","NA","NA",NA
"QPA",4086,1990-10-09,1023,NA,NA,7.22,86.4,8.34,101,0.61,5.96,0.59,3.38,4.35,NA,6,1.93,NA,0.37,NA,NA,NA,"NA","NA","NA","NA","NA","NA","NA","NA","NA","NA","NA","NA","NA","NA",NA
"QPA",4097,1990-10-16,1118,NA,22,7.25,89.3,8.13,108,0.71,6.42,0.62,3.98,4.61,NA,16,NA,NA,0.25,NA,NA,NA,"NA","NA","NA","NA","NA","NA","NA","NA","NA","NA","NA","NA","NA","NA",NA
"QPA",4173,1990-10-23,1110,NA,22,7.16,81.5,NA,156,0.66,6.22,0.59,3.57,3.97,NA,NA,NA,NA,0.38,NA,NA,NA,"NA","NA","NA","NA","NA","NA","NA","NA","BDL","NA","NA","NA","NA","NA",NA
"QPA",4313,1990-10-30,1013,NA,23,7.25,77,NA,115,0.74,5.3,0.58,3.1,3.41,NA,NA,NA,NA,0.35,NA,NA,NA,"NA","NA","NA","NA","NA","NA","NA","NA","BDL","NA","NA","NA","NA","NA",NA
"QPA",4324,1990-11-06,1017,NA,22.5,7.32,91.9,NA,244,1.91,5.96,0.57,3.91,4.25,NA,4,NA,NA,0.3,NA,NA,NA,"NA","NA","NA","NA","NA","NA","NA","NA","NA","NA","NA","NA","NA","NA",NA
"QPA",4335,1990-11-13,1039,NA,22,7.37,94.3,NA,122,0.35,2.83,0.24,1.71,1.95,NA,NA,NA,NA,0.24,NA,NA,NA,"NA","NA","NA","NA","NA","NA","NA","NA","NA","NA","NA","NA","NA","NA",NA
"QPA",4370,1990-11-20,916,NA,22,7.49,102.2,NA,109,0.69,6.49,0.56,4.42,5.07,NA,5,NA,NA,0.41,NA,NA,NA,"NA","NA","NA","NA","NA","NA","NA","NA","NA","NA","NA","NA","NA","NA",NA
"QPA",4396,1990-11-27,1215,NA,22,7.07,81.2,NA,201,0.58,5.95,0.55,3.52,4.31,NA,NA,NA,NA,0.29,NA,NA,NA,"NA","NA","NA","NA","NA","NA","NA","NA","BDL","NA","NA","NA","NA","NA",NA
"QPA",4407,1990-12-04,1230,NA,23,7,75.7,NA,133,0.57,6.08,0.56,2.56,2.98,NA,NA,NA,NA,0.48,NA,NA,NA,"NA","NA","NA","NA","NA","NA","NA","NA","NA","NA","NA","NA","NA","NA",NA
"QPA",4421,1990-12-11,1040,NA,20.5,6.94,84.5,NA,73,0.7,6.33,0.37,4.01,4.91,NA,5,NA,NA,0.23,NA,NA,NA,"NA","NA","NA","NA","NA","NA","NA","NA","NA","NA","NA","NA","NA","NA",NA
"QPA",4491,1990-12-18,1126,NA,21,6.71,73.4,NA,142,0.67,5.8,0.42,3.66,4.98,NA,NA,NA,NA,0.2,NA,NA,NA,"NA","NA","NA","NA","NA","NA","NA","NA","BDL","NA","NA","NA","NA","NA",NA
"QPA",4568,1990-12-25,200,NA,20.5,7.17,97.2,NA,102,0.86,6.03,0.58,3.9,4.81,NA,NA,NA,NA,0.23,NA,NA,NA,"NA","NA","NA","NA","NA","NA","NA","NA","BDL","NA","NA","NA","NA","NA",NA
"QPA",4580,1990-12-31,1153,NA,20.5,6.87,67.2,NA,183,0.95,5,0.89,2.08,2.61,NA,NA,NA,NA,0.56,NA,NA,NA,"NA","NA","NA","NA","NA","NA","NA","NA","BDL","NA","NA","NA","NA","NA",NA
"QPA",4592,1991-01-08,1112,NA,20.5,7.1,79.8,NA,184,0.91,5.68,0.51,2.97,3.69,NA,NA,NA,NA,0.38,NA,NA,NA,"NA","NA","NA","NA","NA","NA","NA","NA","BDL","NA","NA","NA","NA","NA",NA
"QPA",4775,1991-01-15,954,NA,20.5,6.81,85.3,NA,66,1,4,0.46,3.45,4.54,NA,NA,NA,NA,0.23,NA,8.91,NA,"NA","NA","NA","NA","NA","NA","NA","NA","BDL","NA","NA","NA","NA","NA",NA
"QPA",4764,1991-01-22,1156,NA,19,7.16,90.2,NA,NA,NA,3.5,0.43,4.05,4.84,NA,NA,NA,NA,0.15,NA,NA,NA,"NA","NA","NA","NA","NA","NA","NA","NA","BDL","NA","NA","NA","NA","NA",NA
"QPA",4789,1991-01-29,1020,NA,20,7.24,97.1,NA,30,1.62,4.4,0.5,4.27,5.56,NA,11,NA,NA,0.2,NA,8.73,NA,"NA","NA","NA","NA","NA","NA","NA","NA","NA","NA","NA","NA","NA","NA",NA
"QPA",4801,1991-02-05,1135,NA,20,7.31,89.4,NA,137,0.92,3.6,0.46,4.21,4.97,NA,8,NA,NA,0.14,NA,NA,NA,"NA","NA","NA","NA","NA","NA","NA","NA","NA","NA","NA","NA","NA","NA",NA
"QPA",4813,1991-02-12,1153,NA,20.5,7.4,92.9,NA,83,1.22,3.6,0.53,4.25,5.15,NA,NA,NA,NA,0.15,NA,NA,NA,"NA","NA","NA","NA","NA","NA","NA","NA","BDL","NA","NA","NA","NA","NA",NA
"QPA",4825,1991-02-19,1019,NA,21.5,7.03,66,NA,296,1.65,3.3,0.52,2.95,3.82,NA,NA,NA,NA,0.48,NA,NA,NA,"NA","NA","NA","NA","NA","NA","NA","NA","BDL","NA","NA","NA","NA","NA",NA
"QPA",4837,1991-02-26,1110,NA,20.5,7.2,85.6,NA,120,0.81,4.1,0.53,4.12,4.67,NA,NA,NA,NA,0.22,NA,NA,NA,"NA","NA","NA","NA","NA","NA","NA","NA","BDL","NA","NA","NA","NA","NA",NA
"QPA",4849,1991-03-05,1050,NA,20,6.84,81.2,NA,76,0.73,6.03,0.43,6.48,8.82,NA,NA,NA,NA,0.25,NA,NA,NA,"NA","NA","NA","NA","NA","NA","NA","NA","NA","NA","NA","NA","NA","NA",NA
"QPA",4861,1991-03-12,1105,NA,20,7.16,88,NA,253,0.77,6.34,0.43,4.09,5.6,NA,NA,NA,NA,0.23,NA,NA,NA,"NA","NA","NA","NA","NA","NA","NA","NA","NA","NA","NA","NA","NA","NA",NA
"QPA",4873,1991-03-19,920,NA,20,6.92,83.7,NA,155,0.96,5.83,NA,3.35,4.6,NA,5,NA,NA,0.27,NA,NA,NA,"NA","NA","NA","NA","NA","NA","NA","NA","NA","NA","NA","NA","NA","NA",NA
"QPA",4885,1991-03-26,1105,NA,21,7.09,93.4,NA,109,0.66,6.36,0.47,4.04,5.36,NA,5,NA,NA,0.17,NA,NA,NA,"NA","NA","NA","NA","NA","NA","NA","NA","NA","NA","NA","NA","NA","NA",NA
"QPA",4947,1991-04-02,1220,NA,20.5,7.37,91.8,NA,48,0.69,6.58,0.42,4.25,5.68,NA,6,NA,NA,0.13,NA,NA,NA,"NA","NA","NA","NA","NA","NA","NA","NA","NA","NA","NA","NA","NA","NA",NA
"QPA",4980,1991-04-09,1125,NA,20,6.89,83.9,NA,137,NA,6.39,0.42,3.54,4.51,NA,5,NA,NA,0.19,NA,NA,NA,"NA","NA","NA","NA","NA","NA","NA","NA","NA","NA","NA","NA","NA","NA",NA
"QPA",5054,1991-04-15,940,NA,22,6.65,66.1,NA,19,NA,5.59,0.54,3.41,4.31,NA,NA,NA,NA,NA,NA,NA,NA,"NA","NA","NA","NA","NA","NA","NA","NA","BDL","NA","NA","NA","NA","NA",NA
"QPA",5127,1991-04-23,1128,NA,22,7.21,88.2,NA,70,NA,6.97,0.57,3.54,4.62,NA,5,NA,NA,NA,NA,NA,NA,"NA","NA","NA","NA","NA","NA","NA","NA","NA","NA","NA","NA","NA","NA",NA
"QPA",5207,1991-04-30,1055,NA,21,7.25,82.1,NA,27,NA,7.36,0.56,2.65,3.37,NA,9,NA,NA,NA,NA,NA,NA,"NA","NA","NA","NA","NA","NA","NA","NA","NA","NA","NA","NA","NA","NA",NA
"QPA",5439,1991-05-07,1108,NA,21.5,7.39,82.1,NA,25,NA,6.5,0.53,2.86,4.76,NA,7,NA,NA,0.08,NA,NA,NA,"NA","NA","NA","NA","NA","NA","NA","NA","NA","NA","NA","NA","NA","NA",NA
"QPA",5554,1991-05-14,1225,NA,22,7.19,85.1,NA,100,0.83,6.51,0.55,2.86,4.67,NA,NA,NA,NA,0.41,NA,NA,NA,"NA","NA","NA","NA","NA","NA","NA","NA","BDL","NA","NA","NA","NA","NA",NA
"QPA",6078,1991-05-21,1006,NA,22,6.9,90.6,NA,83,0.68,6.62,0.52,3.9,5,NA,4,NA,NA,0.18,NA,NA,NA,"NA","NA","NA","NA","NA","NA","NA","NA","NA","NA","NA","NA","NA","NA",NA
"QPA",6121,1991-05-28,1048,NA,22,6.87,90.4,NA,218,0.86,6.68,0.56,4,5.14,NA,4,NA,NA,0.17,NA,NA,NA,"NA","NA","NA","NA","NA","NA","NA","NA","NA","NA","NA","NA","NA","NA",NA
"QPA",6163,1991-06-04,1038,NA,23,7.19,101.4,NA,86,0.85,7.14,0.57,2.9,4.67,NA,NA,NA,NA,0.16,NA,NA,NA,"NA","NA","NA","NA","NA","NA","NA","NA","NA","NA","NA","NA","NA","NA",NA
"QPA",6276,1991-06-11,1154,NA,22,6.75,70.7,7.71,72,NA,5.71,0.54,3.14,4.08,NA,5,NA,NA,0.19,NA,NA,NA,"NA","NA","NA","NA","NA","NA","NA","NA","NA","NA","NA","NA","NA","NA",NA
"QPA",6313,1991-06-18,1255,NA,23.5,7.39,103.3,8.34,89,0.8,7.25,0.57,3.04,1.17,NA,5,NA,NA,0.36,NA,NA,NA,"NA","NA","NA","NA","NA","NA","NA","NA","NA","NA","NA","NA","NA","NA",NA
"QPA",6400,1991-06-25,1134,NA,23,7.01,104.3,8.28,37,0.77,7.05,0.49,2.86,4.86,NA,NA,NA,NA,0.17,NA,NA,NA,"NA","NA","NA","NA","NA","NA","NA","NA","BDL","NA","NA","NA","NA","NA",NA
"QPA",6413,1991-07-02,1049,NA,23,7.62,89.8,5.25,126,2.01,6.1,0.48,2.81,4.81,NA,NA,NA,NA,0.24,NA,NA,NA,"NA","NA","NA","NA","NA","NA","NA","NA","NA","NA","NA","NA","NA","NA",NA
"QPA",6426,1991-07-09,1210,NA,23,7.66,97.3,7.38,79,0.69,6.78,0.6,2.69,4.67,NA,NA,NA,NA,0.3,NA,NA,NA,"NA","NA","NA","NA","NA","NA","NA","NA","NA","NA","NA","NA","NA","NA",NA
"QPA",6474,1991-07-16,1208,NA,22,7.1,61.3,7.66,166,1.4,5.15,0.74,4.21,5.62,NA,NA,NA,NA,0.8,NA,NA,NA,"NA","NA","NA","NA","NA","NA","NA","NA","NA","NA","NA","NA","NA","NA",NA
"QPA",6485,1991-07-23,1127,NA,22.5,7.21,108.8,NA,19,0.73,7.23,0.44,4.25,5.64,NA,5,NA,NA,0.13,NA,NA,NA,"NA","NA","NA","NA","NA","NA","NA","NA","NA","NA","NA","NA","NA","NA",NA
"QPA",6500,1991-07-30,1312,NA,23,7,99.6,8.14,73,0.72,7.26,0.42,3.84,5.62,NA,NA,NA,NA,NA,NA,NA,NA,"NA","NA","NA","NA","NA","NA","NA","NA","BDL","NA","NA","NA","NA","NA",NA
"QPA",6660,1991-08-06,1027,NA,23,7.18,101.7,NA,NA,NA,7.33,0.54,5.18,6.02,NA,NA,NA,NA,NA,NA,NA,NA,"NA","NA","NA","NA","NA","NA","NA","NA","BDL","NA","NA","NA","NA","NA",NA
"QPA",6774,1991-08-13,1033,NA,24,7,109,8.49,10,0.67,7.41,0.46,5.23,3.68,NA,4,NA,NA,NA,NA,NA,NA,"NA","NA","NA","NA","NA","NA","NA","NA","NA","NA","NA","NA","NA","NA",NA
"QPA",6787,1991-08-20,1200,NA,23,7.2,98.1,NA,13,0.7,0.91,0.41,3.34,4.77,NA,NA,NA,NA,NA,NA,NA,NA,"NA","NA","NA","NA","NA","NA","NA","NA","BDL","NA","NA","NA","NA","NA",NA
"QPA",6918,1991-08-27,1110,NA,22.5,6.68,72,6.7,83,0.33,6.83,0.71,3.65,4.81,NA,5,NA,NA,NA,NA,17.45,NA,"NA","NA","NA","NA","NA","NA","NA","NA","NA","NA","NA","NA","NA","NA",NA
"QPA",7129,1991-09-03,1130,NA,23,7.36,105.2,NA,16,0.37,6.95,0.47,4.18,5.02,NA,NA,NA,NA,NA,NA,22.71,NA,"NA","NA","NA","NA","NA","NA","NA","NA","BDL","NA","NA","NA","NA","NA",NA
"QPA",7142,1991-09-10,NA,NA,NA,7.3,96,NA,52,0.67,6.54,0.52,3.94,5.26,NA,6,NA,NA,NA,NA,24.98,NA,"NA","NA","NA","NA","NA","NA","NA","NA","NA","NA","NA","NA","NA","NA",NA
"QPA",7155,1991-09-17,1309,NA,22,7.15,82.3,6.9,65,0.94,6.59,0.54,3.74,5.04,NA,7,NA,NA,NA,NA,20.66,NA,"NA","NA","NA","NA","NA","NA","NA","NA","NA","NA","NA","NA","NA","NA",NA
"QPA",7194,1991-09-24,1317,NA,23,7.35,93.2,6.54,34,0.94,6.65,0.56,3.74,4.95,NA,NA,NA,NA,NA,NA,25.3,NA,"NA","NA","NA","NA","NA","NA","NA","NA","BDL","NA","NA","NA","NA","NA",NA
"QPA",7207,1991-10-01,1022,NA,22.5,7.1,70,2.62,101,2.08,5.57,0.56,2.65,2.9,NA,NA,NA,NA,NA,NA,18.31,NA,"NA","NA","NA","NA","NA","NA","NA","NA","BDL","NA","NA","NA","NA","NA",NA
"QPA",7220,1991-10-08,1126,NA,23,7.17,74,7.83,111,0.34,5.85,0.42,2.72,3.03,NA,NA,NA,NA,NA,NA,17.88,NA,"NA","NA","NA","NA","NA","NA","NA","NA","BDL","NA","NA","NA","NA","NA",NA
"QPA",7233,1991-10-15,1020,NA,22,7.19,77.5,3.94,126,0.12,5.86,0.42,2.86,2.41,NA,NA,NA,NA,NA,NA,20.71,NA,"NA","NA","NA","NA","NA","NA","NA","NA","BDL","NA","NA","NA","NA","NA",NA
"QPA",7246,1991-10-22,944,NA,23,6.94,87.6,7.97,143,0.73,6.28,0.44,3.19,2.56,NA,8,1.75,NA,NA,NA,22.96,NA,"NA","NA","NA","NA","NA","NA","NA","NA","NA","NA","NA","NA","NA","NA",NA
"QPA",7259,1991-10-29,930,NA,19.5,7.47,110.1,NA,NA,NA,7.01,0.41,3.69,3.7,NA,5,NA,NA,NA,NA,28.1,NA,"NA","NA","NA","NA","NA","NA","NA","NA","NA","NA","NA","NA","NA","NA",NA
"QPA",7272,1991-11-05,952,NA,21,7.27,68.1,7.7,109,1.46,5.15,0.56,2.77,3.46,NA,NA,NA,NA,NA,NA,17.43,NA,"NA","NA","NA","NA","NA","NA","NA","NA","BDL","NA","NA","NA","NA","NA",NA
"QPA",7285,1991-11-12,1130,NA,21,7.21,69.3,6.89,98,NA,5.15,0.35,2.44,2.4,NA,4,0.81,NA,NA,NA,NA,NA,"NA","NA","BDL","NA","NA","NA","NA","NA","NA","NA","NA","NA","NA","NA",NA
"QPA",7304,1991-11-18,1039,NA,20.5,6.99,82.9,1.58,10,0.53,5.26,0.36,2.72,3.17,NA,NA,1.69,NA,NA,NA,21.63,NA,"NA","NA","NA","NA","NA","NA","NA","NA","BDL","NA","NA","NA","NA","NA",NA
"QPA",7317,1991-11-26,1109,NA,21,6.93,66.8,9.55,87,4.3,5.42,0.46,2.27,2,NA,NA,NA,NA,NA,NA,18.38,NA,"NA","NA","NA","NA","NA","NA","NA","NA","BDL","NA","NA","NA","NA","NA",NA
"QPA",7434,1991-12-03,1200,NA,NA,7.03,58.7,8.03,145,0.77,5.38,0.49,2.13,2.01,NA,NA,NA,NA,NA,NA,12.99,NA,"NA","NA","NA","NA","NA","NA","NA","NA","BDL","NA","NA","NA","NA","NA",NA
"QPA",7447,1991-12-10,1105,NA,NA,7.47,75.2,8.34,100,0.71,6.13,0.46,3.04,3.33,NA,NA,NA,NA,NA,NA,21.88,NA,"NA","NA","NA","NA","NA","NA","NA","NA","BDL","NA","NA","NA","NA","NA",NA
"QPA",7460,1991-12-17,1204,NA,20.5,7.232,82.6,8.42,96,1.57,6.38,0.46,3.64,4.74,NA,NA,NA,NA,NA,NA,19.79,NA,"NA","NA","NA","NA","NA","NA","NA","NA","BDL","NA","NA","NA","NA","NA",NA
"QPA",7473,1991-12-23,1035,NA,19,7.46,81.5,9.73,105,1.62,6.64,0.32,3.67,4.78,NA,NA,NA,NA,NA,NA,18.58,NA,"NA","NA","NA","NA","NA","NA","NA","NA","BDL","NA","NA","NA","NA","NA",NA
"QPA",7486,1991-12-30,1130,NA,20,7.09,89.2,9.19,79,0.63,6.87,0.43,3.66,4.59,NA,6,NA,NA,NA,NA,17.29,NA,"NA","NA","NA","NA","NA","NA","NA","NA","NA","NA","NA","NA","NA","NA",NA
"QPA",7499,1992-01-07,235,NA,NA,7.36,83.1,8.7,106,0.49,6.59,0.69,3.25,4.39,NA,NA,NA,NA,NA,NA,17.57,NA,"NA","NA","NA","NA","NA","NA","NA","NA","BDL","NA","NA","NA","NA","NA",NA
"QPA",7512,1992-01-14,1138,NA,19.5,7.42,73.2,9.68,89,0.65,6.2,0.46,2.83,3.55,NA,NA,1.6,NA,NA,NA,14.83,NA,"NA","NA","NA","NA","NA","NA","NA","NA","BDL","NA","NA","NA","NA","NA",NA
"QPA",8643,1992-01-21,1033,NA,20,7.27,91.3,9.22,93,0.49,7.03,0.5,4,5.24,NA,NA,1.87,NA,NA,NA,19.28,NA,"NA","NA","NA","NA","NA","NA","NA","NA","BDL","NA","NA","NA","NA","NA",NA
"QPA",9035,1992-01-28,1045,NA,20,7.3,81.2,8.81,74,0.75,6.57,0.42,3.18,2.69,NA,4,1.33,NA,NA,NA,22.03,NA,"NA","NA","NA","NA","NA","NA","NA","NA","NA","NA","NA","NA","NA","NA",NA
"QPA",9120,1992-02-04,920,NA,19.5,6.72,78.8,NA,86,1.82,6.97,0.37,3.52,3,NA,NA,1.86,NA,NA,NA,19.28,NA,"NA","NA","NA","NA","NA","NA","NA","NA","NA","NA","NA","NA","NA","NA",NA
"QPA",9133,1992-02-11,910,NA,NA,7.45,74,NA,85,0.65,5.9,0.43,2.86,3.32,NA,NA,NA,NA,NA,NA,19.16,NA,"NA","NA","NA","NA","NA","NA","NA","NA","NA","NA","NA","NA","NA","NA",NA
"QPA",9207,1992-02-18,950,NA,20,7.42,85.7,NA,112,1.92,9.18,0.59,4.63,5.5,NA,5,NA,NA,NA,NA,21.86,NA,"NA","NA","NA","NA","NA","NA","NA","NA","NA","NA","NA","NA","NA","NA",NA
"QPA",9220,1992-02-25,1010,NA,20,7.38,90.05,NA,53,0.42,6.59,0.41,3.28,3.38,NA,NA,NA,NA,NA,NA,18.72,NA,"NA","NA","NA","NA","NA","NA","NA","NA","BDL","NA","NA","NA","NA","NA",NA
"QPA",9233,1992-03-03,820,NA,20,7.16,87.5,NA,186,1.41,9.76,0.64,5.48,7.25,NA,NA,NA,NA,NA,NA,23.17,NA,"NA","NA","NA","NA","NA","NA","NA","NA","BDL","NA","NA","NA","NA","NA",NA
"QPA",9478,1992-03-10,1035,NA,20,6.64,85,NA,81,1.65,6.59,0.52,3.37,4.37,NA,8,NA,NA,NA,NA,20.73,NA,"NA","NA","NA","NA","NA","NA","NA","NA","NA","NA","NA","NA","NA","NA",NA
"QPA",9491,1992-03-17,1012,NA,20,6.67,80.2,NA,83,NA,6.57,0.54,3.5,3.89,NA,NA,NA,NA,NA,NA,21.32,NA,"NA","NA","BDL","NA","NA","NA","NA","NA","BDL","NA","NA","NA","NA","NA",NA
"QPA",9504,1992-03-24,NA,NA,NA,NA,NA,NA,NA,NA,7.27,0.58,3.06,3.39,NA,NA,NA,NA,NA,NA,18.53,NA,"NA","NA","NA","NA","NA","NA","NA","NA","BDL","NA","NA","NA","NA","NA",NA
"QPA",9517,1992-04-01,908,NA,20.5,6.82,79.6,NA,76,0.68,7.68,0.46,3.37,4.2,NA,NA,NA,NA,NA,NA,21.36,NA,"NA","NA","NA","NA","NA","NA","NA","NA","BDL","NA","NA","NA","NA","NA",NA
"QPA",9530,1992-04-07,915,NA,21,6.98,79.1,NA,49,1.44,8.61,1.46,2.79,6.59,NA,NA,NA,NA,NA,NA,NA,NA,"NA","NA","NA","NA","NA","NA","NA","NA","NA","NA","NA","NA","NA","NA",NA
"QPA",9543,1992-04-14,930,NA,20,6.84,72.9,NA,33,1.16,NA,NA,NA,NA,NA,NA,NA,NA,NA,NA,NA,NA,"NA","NA","NA","NA","NA","NA","NA","NA","NA","NA","NA","NA","NA","NA",NA
"QPA",9556,1992-04-21,1215,NA,21,6.15,77.8,NA,79,0.73,6.79,0.67,2.93,3.05,NA,NA,NA,NA,NA,NA,16.89,NA,"NA","NA","NA","NA","NA","NA","NA","NA","NA","NA","NA","NA","NA","NA",NA
"QPA",9800,1992-04-28,910,NA,22,6.6,83.5,NA,91,0.67,6.89,0.56,3.27,3.65,NA,NA,NA,NA,NA,NA,19.74,NA,"NA","NA","NA","NA","NA","NA","NA","NA","NA","NA","NA","NA","NA","NA",NA
"QPA",9915,1992-05-05,1007,NA,21,6.17,66.9,NA,27,0.68,7.36,0.54,2.65,2.63,NA,NA,NA,NA,NA,NA,18.24,NA,"NA","NA","NA","NA","NA","NA","NA","NA","NA","NA","NA","NA","NA","NA",NA
"QPA",10454,1992-05-12,1006,NA,22,5.97,69.1,9.46,110,1.38,6.89,0.5,3.07,2.92,NA,NA,NA,NA,NA,NA,13.07,NA,"NA","NA","NA","NA","NA","NA","NA","NA","NA","NA","NA","NA","NA","NA",NA
"QPA",10709,1992-05-19,1006,NA,22,7.457,64.2,9.83,75,0.59,7.05,0.59,3.05,3.59,NA,NA,NA,NA,NA,NA,14.8,NA,"NA","NA","NA","NA","NA","NA","NA","NA","NA","NA","NA","NA","NA","NA",NA
"QPA",10767,1992-05-26,940,NA,22,6.986,54.5,7.44,NA,0.61,5.69,0.36,2.58,2.97,NA,NA,NA,NA,NA,NA,16.57,NA,"NA","NA","NA","NA","NA","NA","NA","NA","NA","NA","NA","NA","NA","NA",NA
"QPA",10780,1992-06-02,1004,NA,22,6.5,72,8.21,11,0.53,6.2,0.46,3.1,3.52,NA,NA,NA,NA,NA,NA,18.85,NA,"NA","NA","NA","NA","NA","NA","NA","NA","NA","NA","NA","NA","NA","NA",NA
"QPA",10892,1992-06-09,902,NA,23,5.92,72.3,8.38,71,0.56,6.21,0.34,3.26,3.94,NA,NA,NA,NA,NA,NA,18.58,NA,"NA","NA","NA","NA","NA","NA","NA","NA","NA","NA","NA","NA","NA","NA",NA
"QPA",10905,1992-06-16,957,NA,22,6.28,43.1,7.7,79,0.82,5.08,0.36,1.66,2.2,NA,NA,NA,NA,NA,NA,7.62,NA,"NA","NA","NA","NA","NA","NA","NA","NA","NA","NA","NA","NA","NA","NA",NA
"QPA",11126,1992-06-23,925,NA,22,6.54,68.8,NA,75,0.71,5.87,0.45,2.73,3.36,NA,NA,NA,NA,NA,NA,19.14,NA,"NA","NA","NA","NA","NA","NA","NA","NA","NA","NA","NA","NA","NA","NA",NA
"QPA",11288,1992-06-30,920,NA,25,7.09,87.9,10.44,89,0.7,7.74,0.5,4.04,4.67,NA,24,NA,NA,NA,NA,21,NA,"NA","NA","NA","NA","NA","NA","NA","NA","NA","NA","NA","NA","NA","NA",NA
"QPA",11301,1992-07-07,915,NA,23,5.82,86.6,NA,82,0.68,6.76,0.61,3.5,3.5,NA,NA,NA,NA,NA,NA,23.23,NA,"NA","NA","NA","NA","NA","NA","NA","NA","NA","NA","NA","NA","NA","NA",NA
"QPA",11314,1992-07-14,910,NA,22,6.77,75.9,9.58,61,0.67,7.11,0.7,3.57,4.35,NA,NA,NA,NA,NA,NA,19.11,NA,"NA","NA","NA","NA","NA","NA","NA","NA","NA","NA","NA","NA","NA","NA",NA
"QPA",11327,1992-07-21,955,NA,22,6.96,68.9,8.27,42,0.57,5.77,0.2,2.41,3.68,NA,NA,NA,NA,NA,NA,12.87,NA,"NA","NA","NA","NA","NA","NA","NA","NA","NA","NA","NA","NA","NA","NA",NA
"QPA",11388,1992-07-28,925,NA,23,7.13,62.5,8.15,75,0.58,5.7,0.84,2.66,3.08,NA,NA,NA,NA,NA,NA,12.81,NA,"NA","NA","NA","NA","NA","NA","NA","NA","NA","NA","NA","NA","NA","NA",NA
"QPA",11401,1992-08-04,950,NA,23,7.27,74.9,8.83,118,0.53,6.58,0.59,3.39,4.52,NA,NA,NA,NA,NA,NA,19.03,NA,"NA","NA","NA","NA","NA","NA","NA","NA","NA","NA","NA","NA","NA","NA",NA
"QPA",11414,1992-08-11,945,NA,23,6.67,40.2,5.28,47,0.58,4.31,0.48,1.51,1.74,NA,NA,NA,NA,NA,NA,8.75,NA,"NA","NA","NA","NA","NA","NA","NA","NA","NA","NA","NA","NA","NA","NA",NA
"QPA",11427,1992-08-18,948,NA,23,7.21,78.6,11.63,86,0.67,9.43,0.69,4.31,5.19,NA,NA,NA,NA,NA,NA,16.13,NA,"NA","NA","NA","NA","NA","NA","NA","NA","NA","NA","NA","NA","NA","NA",NA
"QPA",11440,1992-08-25,1025,NA,23,7.24,73.8,12.36,106,0.72,9.03,0.59,4.78,5.39,NA,NA,NA,NA,NA,NA,15.52,NA,"NA","NA","NA","NA","NA","NA","NA","NA","NA","NA","NA","NA","NA","NA",NA
"QPA",11453,1992-09-01,NA,NA,23,6.99,73.8,NA,52,0.78,7.91,0.51,3.44,3.19,NA,NA,NA,NA,NA,NA,20.17,NA,"NA","NA","NA","NA","NA","NA","NA","NA","NA","NA","NA","NA","NA","NA",NA
"QPA",11466,1992-09-08,NA,NA,22,NA,NA,9.27,248,0.48,5.47,0.16,2.7,3.39,NA,9,NA,NA,NA,NA,13.18,NA,"NA","NA","NA","NA","NA","NA","NA","NA","NA","NA","NA","NA","NA","NA",NA
"QPA",11479,1992-09-15,NA,NA,23,7.06,55.2,9.18,10,0.48,5.89,0.46,3.08,3.42,NA,20,NA,NA,NA,NA,20.44,NA,"NA","NA","NA","NA","NA","NA","NA","NA","NA","NA","NA","NA","NA","NA",NA
"QPA",11492,1992-09-22,NA,NA,22,6.94,59.2,7.13,18,0.53,5.13,0.74,2.23,2.36,NA,NA,NA,NA,NA,NA,14.79,NA,"NA","NA","NA","NA","NA","NA","NA","NA","BDL","NA","NA","NA","NA","NA",NA
"QPA",11505,1992-09-29,NA,NA,23,7.08,73.1,8.06,16,0.45,6.1,0.33,3.04,3.35,NA,NA,NA,NA,NA,NA,18.98,NA,"NA","NA","NA","NA","NA","NA","NA","NA","BDL","NA","NA","NA","NA","NA",NA
"QPA",11518,1992-10-06,1018,NA,23,NA,NA,10.38,76,0.51,6.46,0.48,3.43,3.92,NA,5,NA,NA,NA,NA,20.74,NA,"NA","NA","NA","NA","NA","NA","NA","NA","NA","NA","NA","NA","NA","NA",NA
"QPA",11531,1992-10-13,937,NA,22,7.08,84.2,8.95,24,0.54,6.68,0.48,3.63,3.99,NA,NA,NA,NA,NA,NA,21.08,NA,"NA","NA","NA","NA","NA","NA","NA","NA","BDL","NA","NA","NA","NA","NA",NA
"QPA",11544,1992-10-20,939,NA,21,6.81,75.3,8.38,162,0.8,5.99,0.36,3.19,3.98,NA,NA,NA,NA,NA,NA,19.11,NA,"NA","NA","NA","NA","NA","NA","NA","NA","BDL","NA","NA","NA","NA","NA",NA
"QPA",11557,1992-10-27,1055,NA,22,7.15,88.4,8.72,48,0.56,6.57,0.57,3.89,4.38,NA,NA,NA,NA,NA,NA,20.99,NA,"NA","NA","NA","NA","NA","NA","NA","NA","BDL","NA","NA","NA","NA","NA",NA
"QPA",11570,1992-11-03,859,NA,22,6.66,51.3,6.26,NA,0.62,4.4,0.49,1.71,2.05,NA,NA,NA,NA,NA,NA,12.14,NA,"NA","BDL","NA","NA","NA","NA","NA","NA","BDL","NA","NA","NA","NA","NA",NA
"QPA",11583,1992-11-10,1021,NA,22,6.91,59.6,7.75,33,0.66,5.59,0.39,2.46,3.13,NA,NA,NA,NA,NA,NA,15.11,NA,"NA","NA","NA","NA","NA","NA","NA","NA","NA","NA","NA","NA","NA","NA",NA
"QPA",11596,1992-11-17,1031,NA,21,7.1,61.1,8.3,8,0.7,5.47,0.35,2.33,2.55,NA,NA,NA,NA,NA,NA,15.28,NA,"NA","NA","NA","NA","NA","NA","NA","NA","BDL","NA","NA","NA","NA","NA",NA
"QPA",11609,1992-11-24,1001,NA,22,7.04,53.9,7.63,16,0.54,4.91,0.49,1.94,2.03,NA,NA,NA,NA,NA,NA,12,NA,"NA","NA","NA","NA","NA","NA","NA","NA","BDL","NA","NA","NA","NA","NA",NA
"QPA",11622,1992-12-01,1028,NA,21,7.05,65.9,8.12,24,0.49,5.3,0.68,2.32,2.43,NA,5,NA,NA,NA,NA,18.28,NA,"NA","NA","NA","NA","NA","NA","NA","NA","NA","NA","NA","NA","NA","NA",NA
"QPA",11635,1992-12-08,939,NA,21,6.73,69.6,5.66,25,0.34,5.94,0.3,2.8,3.25,NA,NA,NA,NA,NA,NA,17.61,NA,"NA","NA","NA","NA","NA","NA","NA","NA","BDL","NA","NA","NA","NA","NA",NA
"QPA",11648,1992-12-15,925,NA,21,6.93,55.8,6.17,86,0.67,4.74,0.44,2.15,2.16,NA,NA,NA,NA,NA,NA,12.73,NA,"NA","NA","NA","NA","NA","NA","NA","NA","BDL","NA","NA","NA","NA","NA",NA
"QPA",11661,1992-12-22,1003,NA,20,6.85,49.6,NA,NA,NA,3.94,0.49,3.62,1.02,NA,17,NA,NA,NA,NA,NA,NA,"NA","NA","NA","NA","NA","NA","NA","NA","NA","NA","NA","NA","NA","NA",NA
"QPA",11678,1992-12-29,1054,NA,20.6,7.21,64.5,NA,NA,NA,6.03,0.63,2.71,3.22,NA,6,NA,NA,NA,NA,14.68,NA,"NA","NA","NA","NA","NA","NA","NA","NA","NA","NA","NA","NA","NA","NA",NA
"QPA",11691,1993-01-05,1213,NA,21,6.94,63.2,NA,NA,NA,6.22,0.77,2.5,2.18,NA,NA,NA,NA,NA,NA,17.8,NA,"NA","NA","NA","NA","NA","NA","NA","NA","BDL","NA","NA","NA","NA","NA",NA
"QPA",11704,1993-01-12,1021,NA,20,6.85,77,NA,NA,NA,5.96,0.36,2.68,2.61,NA,NA,NA,NA,NA,NA,18.88,NA,"NA","NA","NA","NA","NA","NA","NA","NA","BDL","NA","NA","NA","NA","NA",NA
"QPA",11717,1993-01-19,1022,NA,20,6.96,69.3,NA,NA,NA,6.08,0.41,2.89,2.63,NA,NA,NA,NA,NA,NA,20.39,NA,"NA","NA","NA","NA","NA","NA","NA","NA","NA","NA","NA","NA","NA","NA",NA
"QPA",11730,1993-01-26,1034,NA,20,6.68,66.7,NA,NA,NA,5.76,0.4,2.34,2.02,NA,NA,NA,NA,NA,NA,15.18,NA,"NA","NA","NA","NA","NA","NA","NA","NA","NA","NA","NA","NA","NA","NA",NA
"QPA",11743,1993-02-02,926,NA,20,6.7,72,NA,NA,NA,3,0.52,5.7,2.26,NA,NA,NA,NA,NA,NA,NA,NA,"NA","NA","NA","NA","NA","NA","NA","NA","NA","NA","NA","NA","NA","NA",NA
"QPA",11756,1993-02-09,104,NA,20,7.14,75.4,NA,NA,NA,6.48,0.42,3.23,3.09,NA,NA,NA,NA,NA,NA,21.09,NA,"NA","NA","NA","NA","NA","NA","NA","NA","NA","NA","NA","NA","NA","NA",NA
"QPA",11769,1993-02-16,927,NA,20,7.372,68,6.31,NA,0.37,4.53,0.25,2.23,2.84,NA,4,NA,NA,NA,NA,18.03,NA,"NA","NA","NA","NA","NA","NA","NA","NA","NA","NA","NA","NA","NA","NA",NA
"QPA",11782,1993-02-23,938,NA,20,7.24,70.2,NA,NA,NA,6.1,0.38,2.58,2.37,NA,NA,NA,NA,NA,NA,18.68,NA,"NA","NA","NA","NA","NA","NA","NA","NA","NA","NA","NA","NA","NA","NA",NA
"QPA",11795,1993-03-02,1000,NA,19.5,7.31,70.7,11.1,66,1.42,8.89,0.47,4.09,4.71,NA,NA,NA,NA,NA,NA,21.81,NA,"NA","NA","NA","NA","NA","NA","NA","NA","NA","NA","NA","NA","NA","NA",NA
"QPA",11808,1993-03-09,930,NA,20,7.34,96.6,4.62,NA,0.26,6.94,0.34,3.95,4.92,NA,NA,NA,NA,NA,NA,27.23,NA,"NA","BDL","NA","NA","NA","NA","NA","NA","NA","NA","NA","NA","NA","NA",NA
"QPA",11821,1993-03-16,947,NA,20,7.34,81.4,5.28,103,0.33,6.9,0.41,3.48,3.41,NA,NA,NA,NA,NA,NA,21.75,NA,"NA","NA","NA","NA","NA","NA","NA","NA","NA","NA","NA","NA","NA","NA",NA
"QPA",11907,1993-03-23,903,NA,20,7.29,77.3,4.89,81,0.33,6.19,0.48,2.91,2.84,NA,NA,NA,NA,NA,NA,19.53,NA,"NA","NA","NA","NA","NA","NA","NA","NA","NA","NA","NA","NA","NA","NA",NA
"QPA",11920,1993-03-30,911,NA,20,7.12,NA,2.49,94,0.24,11.52,0.77,5.45,6.28,NA,NA,NA,NA,NA,NA,23.4,NA,"NA","NA","NA","NA","NA","NA","NA","NA","NA","NA","NA","NA","NA","NA",NA
"QPA",11933,1993-04-06,900,NA,20,7.43,83.9,8.6,68,0.61,6.53,0.42,3.5,4.04,NA,NA,NA,NA,NA,NA,22.66,NA,"NA","NA","NA","NA","NA","NA","NA","NA","NA","NA","NA","NA","NA","NA",NA
"QPA",11946,1993-04-13,932,NA,20,7.21,81.5,11.23,73,0.71,9.18,0.5,4.36,5.01,NA,NA,NA,NA,NA,NA,20.05,NA,"NA","NA","NA","NA","NA","NA","NA","NA","BDL","NA","NA","NA","NA","NA",NA
"QPA",11959,1993-04-20,1003,NA,20,7.21,76.9,11.22,65,0.93,10.02,0.63,4.53,5.02,NA,NA,NA,NA,NA,NA,19.95,NA,"NA","NA","NA","NA","NA","NA","NA","NA","NA","NA","NA","NA","NA","NA",NA
"QPA",11972,1993-04-27,941,NA,20,7.3,79.2,5.51,21,0.27,6.61,0.41,3.33,3.51,NA,9,NA,NA,NA,NA,22.87,NA,"NA","NA","NA","NA","NA","NA","NA","NA","NA","NA","NA","NA","NA","NA",NA
"QPA",12015,1993-05-04,930,NA,20,7.37,70,8.16,53,0.59,5.67,0.4,2.71,3.56,NA,NA,NA,NA,NA,NA,16.97,NA,"NA","NA","NA","NA","NA","NA","NA","NA","NA","NA","NA","NA","NA","NA",NA
"QPA",12028,1993-05-11,949,NA,20,7.23,58.2,2.47,54,0.2,5.3,0.36,2.16,2.26,NA,NA,NA,NA,NA,NA,14.03,NA,"NA","NA","NA","NA","NA","NA","NA","NA","NA","NA","NA","NA","NA","NA",NA
"QPA",12041,1993-05-18,1030,NA,21.5,7.29,72.3,8.46,40,0.52,6.91,0.33,3.1,3.51,NA,NA,NA,NA,NA,NA,15.39,NA,"NA","NA","NA","NA","NA","NA","NA","NA","BDL","NA","NA","NA","NA","NA",NA
"QPA",12054,1993-05-25,930,NA,20,7.01,46.1,6.28,6,0.58,4.51,0.5,1.7,2,NA,NA,NA,NA,NA,NA,7,NA,"NA","NA","NA","NA","NA","NA","NA","NA","BDL","NA","NA","NA","NA","NA",NA
"QPA",12067,1993-06-01,1020,NA,22,6.87,68.6,9.07,NA,0.58,6.58,0.23,2.96,3.37,NA,NA,NA,NA,NA,NA,14.49,NA,"NA","NA","NA","NA","NA","NA","NA","NA","NA","NA","NA","NA","NA","NA",NA
"QPA",12208,1993-06-08,950,NA,22,7.21,79.2,8.35,36,0.54,6.72,0.46,3.38,4.04,NA,NA,NA,NA,NA,NA,20.19,NA,"NA","NA","NA","NA","NA","NA","NA","NA","NA","NA","NA","NA","NA","NA",NA
"QPA",12221,1993-06-15,1000,NA,22,7.04,84.5,8.03,157,0.49,6.28,0.54,3.56,4.27,NA,NA,NA,NA,NA,NA,20.61,NA,"NA","NA","NA","NA","NA","NA","NA","NA","NA","NA","NA","NA","NA","NA",NA
"QPA",12234,1993-06-22,1044,NA,21.5,7.13,54.4,6.64,19,0.6,4.57,0.32,2.01,2.67,NA,NA,NA,NA,NA,NA,10.65,NA,"NA","NA","NA","NA","NA","NA","NA","NA","NA","NA","NA","NA","NA","NA",NA
"QPA",12247,1993-06-29,NA,NA,22,7.44,87.2,8.78,80,0.53,6.41,0.33,3.77,5.5,NA,NA,NA,NA,NA,NA,19.05,NA,"NA","NA","NA","NA","NA","NA","NA","NA","BDL","NA","NA","NA","NA","NA",NA
"QPA",12260,1993-07-06,936,NA,21,7.1,84.2,8.16,126,0.54,6.35,0.4,3.68,4.85,NA,NA,NA,NA,NA,NA,22.04,NA,"NA","NA","NA","NA","NA","NA","NA","NA","BDL","NA","NA","NA","NA","NA",NA
"QPA",12273,1993-07-13,850,NA,21,7.15,65.2,8.07,NA,0.48,5.58,0.32,2.65,3.13,NA,NA,NA,NA,NA,NA,17.66,NA,"NA","NA","NA","NA","NA","NA","NA","NA","NA","NA","NA","NA","NA","NA",NA
"QPA",12286,1993-07-20,1023,NA,21,7.3,87.4,NA,NA,NA,6.29,0.42,1.86,4.44,NA,NA,NA,NA,NA,NA,25.97,NA,"NA","NA","NA","NA","NA","NA","NA","NA","NA","NA","NA","NA","NA","NA",NA
"QPA",12299,1993-07-27,1005,NA,21,6.7,64,NA,NA,NA,NA,NA,NA,NA,NA,NA,NA,NA,NA,NA,NA,NA,"NA","NA","NA","NA","NA","NA","NA","NA","NA","NA","NA","NA","NA","NA",NA
"QPA",12312,1993-08-03,921,NA,22,7.34,78.7,11.61,52,0.58,6.14,0.28,3.27,3.71,NA,NA,NA,NA,NA,NA,20.25,NA,"NA","NA","NA","NA","NA","NA","NA","NA","BDL","NA","NA","NA","NA","NA",NA
"QPA",12325,1993-08-10,953,NA,21,7.23,100.1,8.73,74,0.46,6.76,0.38,4.26,5.36,NA,4,NA,NA,NA,NA,23.91,NA,"NA","NA","NA","NA","NA","NA","NA","NA","NA","NA","NA","NA","NA","NA",NA
"QPA",12338,1993-08-17,900,NA,22,7.27,66.9,10.12,52,0.74,6.83,0.42,3.3,3.9,NA,NA,NA,NA,NA,NA,17.7,NA,"NA","NA","NA","NA","NA","NA","NA","NA","BDL","NA","NA","NA","NA","NA",NA
"QPA",12351,1993-08-24,930,NA,22,7.2,94.7,8.32,82,0.54,6.66,0.4,3.96,5.39,NA,NA,NA,NA,NA,NA,19.95,NA,"NA","NA","NA","NA","NA","NA","NA","NA","BDL","NA","NA","NA","NA","NA",NA
"QPA",12364,1993-08-31,815,NA,21,7.44,89.8,7.46,87,0.56,6.3,0.36,3.92,5.19,NA,NA,NA,NA,NA,NA,22.19,NA,"NA","NA","NA","NA","NA","NA","NA","NA","BDL","NA","NA","NA","NA","NA",NA
"QPA",12377,1993-09-07,920,NA,21,7.3,67.3,8.17,NA,0.52,6.89,0.43,3.32,3.4,NA,6,NA,NA,NA,NA,17.45,NA,"NA","BDL","NA","NA","NA","NA","NA","NA","NA","NA","NA","NA","NA","NA",NA
"QPA",12390,1993-09-14,901,NA,21,7.11,72.1,8.09,78,0.49,5.92,NA,3.27,0.32,NA,NA,NA,NA,NA,NA,NA,NA,"NA","NA","NA","NA","BDL","NA","NA","NA","NA","NA","NA","NA","NA","NA",NA
"QPA",12403,1993-09-21,940,NA,21,7.16,85.7,7.88,111,0.5,6.35,0.44,3.7,4.93,NA,5,NA,NA,NA,NA,22.44,NA,"NA","NA","NA","NA","NA","NA","NA","NA","NA","NA","NA","NA","NA","NA",NA
"QPA",12416,1993-09-28,905,NA,21,6.73,65,6.51,57,0.5,5.25,0.34,2.55,3.16,NA,5,NA,NA,NA,NA,17.87,NA,"NA","NA","NA","NA","NA","NA","NA","NA","NA","NA","NA","NA","NA","NA",NA
"QPA",12429,1993-10-05,745,NA,21,6.93,75.3,8.19,72,0.47,6.02,0.2,3.19,3.84,NA,NA,NA,NA,NA,NA,17.2,NA,"NA","NA","NA","NA","NA","NA","NA","NA","BDL","NA","NA","NA","NA","NA",NA
"QPA",12442,1993-10-13,900,NA,22,7.21,98.8,8.06,10,0.46,6.68,0.45,4.24,5.22,NA,9,NA,NA,NA,NA,NA,NA,"NA","NA","NA","NA","NA","NA","NA","NA","NA","NA","NA","NA","NA","NA",NA
"QPA",12455,1993-10-19,910,NA,21,6.93,96.2,7.96,9,0.5,6.68,0.52,4.37,5.87,NA,11,NA,NA,NA,NA,NA,NA,"NA","NA","NA","NA","NA","NA","NA","NA","NA","NA","NA","NA","NA","NA",NA
"QPA",12468,1993-10-26,935,NA,22,6.81,69,7.61,7,0.52,5.55,0.34,2.79,3.37,NA,NA,NA,NA,NA,NA,16.72,NA,"NA","NA","NA","NA","NA","NA","NA","NA","BDL","NA","NA","NA","NA","NA",NA
"QPA",12481,1993-11-02,750,NA,20,7.19,101.4,9.27,NA,0.55,7.45,0.41,4.73,6.04,NA,NA,NA,NA,NA,NA,24.2,NA,"NA","BDL","NA","NA","NA","NA","NA","NA","BDL","NA","NA","NA","NA","NA",NA
"QPA",12628,1993-11-09,820,NA,21,6.76,68.7,8.21,76,0.61,5.54,0.37,2.92,3.86,NA,NA,NA,NA,NA,NA,20.13,NA,"NA","NA","NA","NA","NA","NA","NA","NA","BDL","NA","NA","NA","NA","NA",NA
"QPA",13069,1993-11-16,832,NA,21,6.8,57.8,8.47,NA,0.75,6.09,0.4,2.44,3.17,NA,16,NA,NA,NA,NA,11.55,NA,"NA","BDL","NA","NA","NA","NA","NA","NA","NA","NA","NA","NA","NA","NA",NA
"QPA",13296,1993-11-23,831,NA,21,6.86,66.2,5.17,82,0.39,5.26,0.31,1.4,2.66,NA,NA,NA,NA,NA,NA,NA,NA,"NA","NA","NA","NA","NA","NA","NA","NA","BDL","NA","NA","NA","NA","NA",NA
"QPA",13352,1993-11-30,900,NA,21,6.73,79.6,7.43,15,0.53,5.79,0.33,3.29,4.39,NA,NA,NA,NA,NA,NA,17.44,NA,"NA","NA","NA","NA","NA","NA","NA","NA","BDL","NA","NA","NA","NA","NA",NA
"QPA",13490,1993-12-07,800,NA,20,NA,112.4,8.21,83,0.51,5.92,0.44,3.1,3.76,NA,NA,NA,NA,NA,NA,19.57,NA,"NA","NA","NA","NA","NA","NA","NA","NA","BDL","NA","NA","NA","NA","NA",NA
"QPA",13653,1993-12-14,840,NA,20,6.65,77.3,10.1,87,0.61,7.45,0.56,4.3,4.76,NA,NA,NA,NA,NA,NA,21.48,NA,"NA","NA","NA","NA","NA","NA","NA","NA","BDL","NA","NA","NA","NA","NA",NA
"QPA",13666,1993-12-21,800,NA,20,6.72,60.6,8.82,14,0.75,6.41,0.46,2.94,3.58,NA,9,NA,NA,NA,NA,15.49,NA,"NA","NA","NA","NA","NA","NA","NA","NA","NA","NA","NA","NA","NA","NA",NA
"QPA",13711,1993-12-28,745,NA,20,6.72,59.7,9.61,NA,0.82,6.59,0.57,3.03,3.69,NA,NA,NA,NA,NA,NA,13.56,NA,"NA","NA","NA","NA","NA","NA","NA","NA","BDL","NA","NA","NA","NA","NA",NA
"QPA",13737,1994-01-04,1137,NA,20,7.05,64.8,NA,NA,NA,5.65,0.37,2.57,2.62,NA,5,NA,NA,NA,NA,16.84,NA,"NA","NA","NA","NA","NA","NA","NA","NA","NA","NA","NA","NA","NA","NA",NA
"QPA",13724,1994-01-11,840,NA,20,7.13,66,NA,NA,NA,5.23,0.31,1.34,3.09,NA,5,NA,NA,NA,NA,16.43,NA,"NA","NA","NA","NA","NA","NA","NA","NA","NA","NA","NA","NA","NA","NA",NA
"QPA",13750,1994-01-18,945,NA,19,7.19,81.2,NA,NA,NA,6.2,0.27,3.35,3.96,NA,8,NA,NA,NA,NA,22.58,NA,"NA","NA","NA","NA","NA","NA","NA","NA","NA","NA","NA","NA","NA","NA",NA
"QPA",13763,1994-01-25,850,NA,20,7.01,76.5,4.23,76,0.37,6.24,0.28,3.21,3.68,NA,NA,NA,NA,NA,NA,21.67,NA,"NA","NA","NA","NA","NA","NA","NA","NA","BDL","NA","NA","NA","NA","NA",NA
"QPA",13776,1994-02-01,919,NA,19,7.3,67.5,5.91,47,0.41,5.85,0.42,3.1,3.89,NA,NA,NA,NA,NA,NA,16.97,NA,"NA","NA","NA","NA","NA","NA","NA","NA","BDL","NA","NA","NA","NA","NA",NA
"QPA",13789,1994-02-08,900,NA,19,7.18,88,5.92,26,0.41,6.75,0.45,3.87,4.88,NA,8,NA,NA,NA,NA,24.23,NA,"NA","NA","NA","NA","NA","NA","NA","NA","NA","NA","NA","NA","NA","NA",NA
"QPA",13908,1994-02-15,900,NA,19,7.22,93.4,3.29,NA,0.25,6.86,0.4,4.04,5.42,NA,8,NA,NA,NA,NA,25.29,NA,"NA","BDL","NA","NA","NA","NA","NA","NA","NA","NA","NA","NA","NA","NA",NA
"QPA",13921,1994-02-22,830,NA,19,6.79,53.7,4.82,NA,0.44,6.54,0.45,2.72,5.61,NA,4,NA,NA,NA,NA,9.4,NA,"NA","BDL","NA","NA","NA","NA","NA","NA","NA","NA","NA","NA","NA","NA",NA
"QPA",13934,1994-03-01,749,NA,19,7.06,79.2,8.7,82,0.48,6.15,0.47,3.05,3.72,NA,NA,NA,NA,NA,NA,17.34,NA,"NA","NA","NA","NA","NA","NA","NA","NA","BDL","NA","NA","NA","NA","NA",NA
"QPA",13947,1994-03-08,831,NA,19,7.16,94.1,8.41,13,0.4,6.73,0.39,4.13,5.4,NA,NA,NA,NA,NA,NA,28.32,NA,"NA","NA","NA","NA","NA","NA","NA","NA","BDL","NA","NA","NA","NA","NA",NA
"QPA",13960,1994-03-15,830,NA,19.5,7.25,96,NA,85,0.95,2.2,0.29,0.26,0.24,NA,NA,NA,NA,NA,NA,27.61,NA,"NA","NA","NA","NA","NA","NA","NA","NA","BDL","NA","NA","NA","NA","NA",NA
"QPA",13973,1994-03-22,819,NA,20,7.12,99,8.46,27,0.5,7.31,0.4,4.71,6.46,NA,NA,NA,NA,NA,NA,21.78,NA,"NA","NA","NA","NA","NA","NA","NA","NA","BDL","NA","NA","NA","NA","NA",NA
"QPA",13986,1994-03-29,820,NA,20,7.21,86.4,8.56,72,0.53,6.97,0.4,3.74,4.67,NA,NA,NA,NA,NA,NA,21.28,NA,"NA","NA","NA","NA","NA","NA","NA","NA","BDL","NA","NA","NA","NA","NA",NA
"QPA",13999,1994-04-05,855,NA,20,7.52,104.4,8.39,83,0.48,7.15,0.36,4.7,6.3,NA,NA,NA,NA,NA,NA,23.74,NA,"NA","NA","NA","NA","NA","NA","NA","NA","BDL","NA","NA","NA","NA","NA",NA
"QPA",14012,1994-04-12,846,NA,20,7.06,62.3,8.65,85,0.77,5.07,0.36,2.34,3.18,NA,NA,NA,NA,NA,NA,12.17,NA,"NA","NA","NA","NA","NA","NA","NA","NA","BDL","NA","NA","NA","NA","NA",NA
"QPA",14025,1994-04-19,826,NA,20,7.18,81,8.05,108,0.57,6.23,0.41,3.43,4.52,NA,4,NA,NA,NA,NA,18.14,NA,"NA","NA","NA","NA","NA","NA","NA","NA","NA","NA","NA","NA","NA","NA",NA
"QPA",14038,1994-04-26,849,NA,20,7.37,96.3,8.39,26,0.47,6.96,0.44,4.36,6.08,NA,6,NA,NA,NA,NA,22.16,NA,"NA","NA","NA","NA","NA","NA","NA","NA","NA","NA","NA","NA","NA","NA",NA
"QPA",14051,1994-05-03,726,NA,21,7.47,105.3,8.96,38,0.61,7.01,0.41,4.69,6.28,NA,NA,NA,NA,NA,NA,23.31,NA,"NA","NA","NA","NA","NA","NA","NA","NA","BDL","NA","NA","NA","NA","NA",NA
"QPA",14064,1994-05-10,905,NA,20,7.04,75.1,9.07,16,1.39,6.12,0.38,3.02,4.19,NA,5,NA,NA,NA,NA,17.03,NA,"NA","NA","NA","NA","NA","NA","NA","NA","NA","NA","NA","NA","NA","NA",NA
"QPA",14109,1994-05-17,850,NA,21,7.25,89.1,9.63,63,0.55,6.51,0.38,4.01,5.27,NA,6,NA,NA,NA,NA,21.17,NA,"NA","NA","NA","NA","NA","NA","NA","NA","NA","NA","NA","NA","NA","NA",NA
"QPA",14122,1994-05-24,910,NA,21,7.16,106.5,9.02,25,0.49,7.31,0.36,4.92,6.43,NA,NA,NA,NA,NA,NA,24.06,NA,"NA","NA","NA","NA","NA","NA","NA","NA","NA","NA","NA","NA","NA","NA",NA
"QPA",14279,1994-05-31,815,NA,21,7.23,114.8,7.84,17,0.8,7.62,0.5,5.45,7.18,NA,NA,NA,NA,NA,NA,27.58,NA,"NA","NA","NA","NA","NA","NA","NA","NA","NA","NA","NA","NA","NA","NA",NA
"QPA",14689,1994-06-07,805,NA,21,6.81,77,8.27,13,0.73,5.93,0.39,3.14,4.08,NA,NA,NA,NA,NA,NA,18.96,NA,"NA","NA","NA","NA","NA","NA","NA","NA","NA","NA","NA","NA","NA","NA",NA
"QPA",14877,1994-06-14,902,NA,21,7.22,106.2,7.73,29,0.81,7.47,0.47,5.09,6.76,NA,NA,NA,NA,NA,NA,26.11,NA,"NA","NA","NA","NA","NA","NA","NA","NA","NA","NA","NA","NA","NA","NA",NA
"QPA",15041,1994-06-21,900,NA,21,7.19,102.4,8.56,80,0.55,7.25,0.3,4.74,6.25,NA,NA,NA,NA,NA,NA,24.52,NA,"NA","NA","NA","NA","NA","NA","NA","NA","NA","NA","NA","NA","NA","NA",NA
"QPA",15054,1994-06-28,900,NA,21,7.18,NA,6.95,67,1.15,6.78,0.41,4.15,5.37,NA,NA,NA,NA,NA,NA,23.24,NA,"NA","NA","NA","NA","NA","NA","NA","NA","NA","NA","NA","NA","NA","NA",NA
"QPA",15097,1994-07-05,749,NA,21,6.94,97.5,8.33,94,0.47,6.76,0.4,4.08,5.08,NA,NA,NA,NA,NA,NA,24.09,NA,"NA","NA","NA","NA","NA","NA","NA","NA","NA","NA","NA","NA","NA","NA",NA
"QPA",15198,1994-07-12,815,NA,21.5,7.26,105,7.82,106,0.45,8.03,0.48,5.08,6.91,NA,NA,NA,NA,NA,NA,26.8,NA,"NA","NA","NA","NA","NA","NA","NA","NA","NA","NA","NA","NA","NA","NA",NA
"QPA",15211,1994-07-19,830,NA,21,7.25,84,4.48,70,0.47,6.18,0.74,3.48,4.68,NA,NA,NA,NA,NA,NA,22.12,NA,"NA","NA","NA","NA","NA","NA","NA","NA","NA","NA","NA","NA","NA","NA",NA
"QPA",15224,1994-07-26,720,NA,21.5,7.39,93.7,5.46,NA,1.1,7.1,0.36,4.23,5.49,NA,NA,NA,NA,NA,NA,23.6,NA,"NA","NA","NA","NA","NA","NA","NA","NA","NA","NA","NA","NA","NA","NA",NA
"QPA",15237,1994-08-02,845,NA,21,7.1,86,5.24,NA,0.83,1.67,0.12,0.23,0.34,NA,NA,NA,NA,NA,NA,NA,NA,"NA","NA","NA","NA","NA","NA","NA","NA","NA","NA","NA","NA","NA","NA",NA
"QPA",15250,1994-08-09,840,NA,21,7.27,111.7,8.04,NA,0.49,7.04,0.39,4.85,6.54,NA,NA,NA,NA,NA,NA,26.8,NA,"NA","NA","NA","NA","NA","NA","NA","NA","NA","NA","NA","NA","NA","NA",NA
"QPA",15288,1994-08-16,840,NA,21,7.34,109.6,8.25,NA,0.53,8.75,0.31,5.42,7.5,NA,NA,NA,NA,NA,NA,27,NA,"NA","NA","NA","NA","NA","NA","NA","NA","NA","NA","NA","NA","NA","NA",NA
"QPA",15301,1994-08-23,827,NA,21,7.15,103.9,8.26,NA,0.56,13.49,0.81,8.56,10.79,NA,NA,NA,NA,NA,NA,21.52,NA,"NA","NA","NA","NA","NA","NA","NA","NA","NA","NA","NA","NA","NA","NA",NA
"QPA",15314,1994-08-30,810,NA,21.5,7.41,91.7,2.98,NA,0.26,11.57,0.57,6.7,8.21,NA,NA,NA,NA,NA,NA,18.63,NA,"NA","NA","NA","NA","NA","NA","NA","NA","NA","NA","NA","NA","NA","NA",NA
"QPA",15327,1994-09-06,848,NA,21,7.33,90.5,7.56,NA,0.57,7.48,0.59,4.75,6.14,NA,NA,NA,NA,NA,NA,18.45,NA,"NA","NA","NA","NA","NA","NA","NA","NA","NA","NA","NA","NA","NA","NA",NA
"QPA",15340,1994-09-13,815,NA,21,7.11,85.7,8.4,NA,0.53,6.41,0.43,3.47,4.43,NA,NA,NA,NA,NA,NA,19.64,NA,"NA","NA","NA","NA","NA","NA","NA","NA","NA","NA","NA","NA","NA","NA",NA
"QPA",15353,1994-09-20,810,NA,22,7.04,50.8,7.31,NA,0.79,5.19,0.53,1.75,2.32,NA,NA,NA,NA,NA,NA,8.88,NA,"NA","NA","NA","NA","NA","NA","NA","NA","NA","NA","NA","NA","NA","NA",NA
"QPA",15366,1994-09-27,1000,NA,21,7.03,94.8,8.42,NA,0.53,7,0.58,4.22,5.25,NA,NA,NA,NA,NA,NA,21.94,NA,"NA","NA","NA","NA","NA","NA","NA","NA","NA","NA","NA","NA","NA","NA",NA
"QPA",15379,1994-10-04,950,NA,21,6.96,88.8,7.38,NA,0.46,6.48,0.29,3.47,3.69,NA,NA,NA,NA,NA,NA,19.13,NA,"NA","NA","NA","NA","NA","NA","NA","NA","BDL","NA","NA","NA","NA","NA",NA
"QPA",15392,1994-10-11,1049,NA,21.5,7.1,83.2,7.59,NA,0.55,6.9,0.4,3.57,4.25,NA,NA,NA,NA,NA,NA,NA,NA,"NA","NA","NA","NA","NA","NA","NA","NA","NA","NA","NA","NA","NA","NA",NA
"QPA",15405,1994-10-18,1048,NA,22,7.35,84.3,8.36,NA,0.6,6.61,0.41,3.52,4.28,NA,NA,NA,NA,NA,NA,19.27,NA,"NA","NA","NA","NA","NA","NA","NA","NA","NA","NA","NA","NA","NA","NA",NA
"QPA",15418,1994-10-25,NA,NA,NA,NA,NA,NA,NA,NA,NA,NA,NA,NA,NA,NA,NA,NA,NA,NA,NA,NA,"NA","NA","NA","NA","NA","NA","NA","NA","NA","NA","NA","NA","NA","NA",NA
"QPA",15431,1994-11-01,1010,NA,21.5,7.06,74.8,7.35,NA,0.5,6.13,0.42,3.25,4.01,NA,NA,NA,NA,NA,NA,17.95,NA,"NA","NA","NA","NA","NA","NA","NA","NA","NA","NA","NA","NA","NA","NA",NA
"QPA",15444,1994-11-08,954,NA,21,7.13,63.5,6.59,NA,0.67,5.11,0.42,2.4,3.37,NA,NA,NA,NA,NA,NA,13.83,NA,"NA","NA","NA","NA","NA","NA","NA","NA","NA","NA","NA","NA","NA","NA",NA
"QPA",15457,1994-11-15,1000,NA,21,7.03,69.7,8.03,NA,0.37,5.89,0.33,2.76,3.53,NA,NA,NA,NA,NA,NA,16.91,NA,"NA","NA","NA","NA","NA","NA","NA","NA","NA","NA","NA","NA","NA","NA",NA
"QPA",15470,1994-11-22,1000,NA,21,6.91,68.6,7.02,NA,1.3,6.01,0.62,1.85,8.59,NA,NA,NA,NA,NA,NA,18.7,NA,"NA","NA","NA","NA","NA","NA","NA","NA","NA","NA","NA","NA","NA","NA",NA
"QPA",15483,1994-11-29,1033,NA,21,7.15,74.1,7.91,NA,0.62,5.87,0.37,2.98,3.95,NA,NA,NA,NA,NA,NA,16.92,NA,"NA","NA","NA","NA","NA","NA","NA","NA","NA","NA","NA","NA","NA","NA",NA
"QPA",15496,1994-12-06,1025,NA,21,6.94,69.7,7.57,NA,0.49,5.24,0.3,2.17,2.44,NA,NA,NA,NA,NA,NA,13.31,NA,"NA","NA","NA","NA","NA","NA","NA","NA","NA","NA","NA","NA","NA","NA",NA
"QPA",15714,1994-12-13,1015,NA,21,6.31,72.3,8.58,NA,0.45,8.17,1.48,3.65,4.29,NA,NA,NA,NA,NA,NA,19.76,NA,"NA","NA","NA","NA","NA","NA","NA","NA","NA","NA","NA","NA","NA","NA",NA
"QPA",15727,1994-12-20,1150,NA,21,6.75,90,8.02,NA,0.53,6.64,0.33,3.78,4.68,NA,NA,NA,NA,NA,NA,21.11,NA,"NA","NA","NA","NA","NA","NA","NA","NA","NA","NA","NA","NA","NA","NA",NA
"QPA",15740,1994-12-27,1100,NA,20,6.64,96.4,8.47,NA,0.42,7.07,0.36,4.34,5.31,NA,NA,NA,NA,NA,NA,22.88,NA,"NA","NA","NA","NA","NA","NA","NA","NA","NA","NA","NA","NA","NA","NA",NA
"QPA",15753,1995-01-03,1030,NA,20,6.87,83.2,8.26,NA,0.54,6.6,0.5,3.67,3.94,NA,NA,NA,NA,NA,NA,18.31,NA,"NA","NA","NA","NA","NA","NA","NA","NA","NA","NA","NA","NA","NA","NA",NA
"QPA",15766,1995-01-10,810,NA,19,6.6,87.5,8.27,NA,0.55,6.6,0.51,3.59,3.95,NA,NA,NA,NA,NA,NA,18.39,NA,"NA","NA","NA","NA","NA","NA","NA","NA","NA","NA","NA","NA","NA","NA",NA
"QPA",15779,1995-01-17,1006,NA,18.5,7.06,74.5,NA,NA,NA,NA,NA,NA,NA,NA,NA,NA,NA,NA,NA,NA,NA,"NA","NA","NA","NA","NA","NA","NA","NA","BDL","NA","NA","NA","NA","NA",NA
"QPA",15792,1995-01-24,1045,NA,19.5,7.07,82.5,8.69,NA,0.43,7.2,0.5,4.02,4.53,NA,NA,NA,NA,NA,NA,21.07,NA,"NA","NA","NA","NA","NA","NA","NA","NA","NA","NA","NA","NA","NA","NA",NA
"QPA",15805,1995-01-31,1100,NA,20,7.16,76.7,8.6,NA,0.43,6.45,0.28,3.85,4.07,NA,NA,NA,NA,NA,NA,18.8,NA,"NA","NA","NA","NA","NA","NA","NA","NA","NA","NA","NA","NA","NA","NA",NA
"QPA",15818,1995-02-07,1040,NA,19,6.69,79,9.01,NA,0.49,6.65,0.26,3.45,3.72,NA,NA,NA,NA,NA,NA,19.55,NA,"NA","NA","NA","NA","NA","NA","NA","NA","NA","NA","NA","NA","NA","NA",NA
"QPA",15831,1995-02-14,1005,NA,19.5,7.17,79.6,9.31,NA,0.57,6.73,0.33,3.63,4.08,NA,NA,NA,NA,NA,NA,19.42,NA,"NA","NA","NA","NA","NA","NA","NA","NA","NA","NA","NA","NA","NA","NA",NA
"QPA",15844,1995-02-21,910,NA,19,7.09,68.6,9,NA,0.57,5.73,0.44,2.99,3.17,NA,NA,NA,NA,NA,NA,15.93,NA,"NA","NA","NA","NA","NA","NA","NA","NA","NA","NA","NA","NA","NA","NA",NA
"QPA",15857,1995-02-28,1020,NA,19,6.62,44,7.61,NA,0.59,4.34,0.24,1.56,1.74,NA,NA,NA,NA,NA,NA,7.13,NA,"NA","NA","NA","NA","NA","NA","NA","NA","NA","NA","NA","NA","NA","NA",NA
"QPA",15870,1995-03-07,939,NA,20,7.15,75.7,9.08,NA,0.51,6.12,0.41,2.98,3.59,NA,NA,NA,NA,NA,NA,17.11,NA,"NA","NA","NA","NA","NA","NA","NA","NA","NA","NA","NA","NA","NA","NA",NA
"QPA",15883,1995-03-14,1100,NA,19,7.32,71.8,9,NA,0.57,5.67,0.4,2.84,3.54,NA,NA,NA,NA,NA,NA,16.12,NA,"NA","NA","NA","NA","NA","NA","NA","NA","NA","NA","NA","NA","NA","NA",NA
"QPA",15896,1995-03-21,1030,NA,19,7.28,80.1,8.73,NA,0.38,6.32,0.35,3.37,3.96,NA,NA,NA,NA,NA,NA,18.31,NA,"NA","NA","NA","NA","NA","NA","NA","NA","NA","NA","NA","NA","NA","NA",NA
"QPA",15909,1995-03-28,1036,NA,19,7.51,96.3,8.47,NA,0.47,7.08,0.29,3.87,4.54,NA,NA,NA,NA,NA,NA,21.54,NA,"NA","NA","NA","NA","NA","NA","NA","NA","NA","NA","NA","NA","NA","NA",NA
"QPA",15922,1995-04-04,1030,NA,20,7.45,85.6,8.7,NA,0.62,6.93,0.29,3.71,4.35,NA,NA,NA,NA,NA,NA,20.73,NA,"NA","NA","NA","NA","NA","NA","NA","NA","NA","NA","NA","NA","NA","NA",NA
"QPA",15935,1995-04-11,1020,NA,21,7.69,98.4,8.57,NA,0.45,7.21,0.41,4.34,5.06,NA,NA,NA,NA,NA,NA,24.17,NA,"NA","NA","NA","NA","NA","NA","NA","NA","BDL","NA","NA","NA","NA","NA",NA
"QPA",15948,1995-04-18,1043,NA,20,7.39,83,8.93,NA,0.57,6.48,0.42,3.57,4.4,NA,NA,NA,NA,NA,NA,19.48,NA,"NA","NA","NA","NA","NA","NA","NA","NA","NA","NA","NA","NA","NA","NA",NA
"QPA",15975,1995-04-25,1037,NA,21,7.45,93,8.4,NA,0.48,NA,NA,NA,NA,NA,NA,NA,NA,NA,NA,NA,NA,"NA","NA","NA","NA","NA","NA","NA","NA","NA","NA","NA","NA","NA","NA",NA
"QPA",15988,1995-05-02,1015,NA,20,7.29,90.4,9.04,NA,0.54,NA,NA,NA,NA,NA,NA,NA,NA,NA,NA,NA,NA,"NA","NA","NA","NA","NA","NA","NA","NA","NA","NA","NA","NA","NA","NA",NA
"QPA",16001,1995-05-09,1000,NA,20,7.2,82.5,7.7,NA,0.64,6.13,0.36,3.54,4.59,NA,NA,NA,NA,NA,NA,22.44,NA,"NA","NA","NA","NA","NA","NA","NA","NA","NA","NA","NA","NA","NA","NA",NA
"QPA",16014,1995-05-16,1000,NA,20,6.98,105.1,8.39,NA,0.51,7.15,0.45,4.77,6.37,NA,NA,NA,NA,NA,NA,27.2,NA,"NA","NA","NA","NA","NA","NA","NA","NA","NA","NA","NA","NA","NA","NA",NA
"QPA",16027,1995-05-23,1020,NA,24,7.2,85.4,8.28,NA,0.54,11.82,0.77,5.38,5.47,NA,NA,NA,NA,NA,NA,21.71,NA,"NA","NA","NA","NA","NA","NA","NA","NA","NA","NA","NA","NA","NA","NA",NA
"QPA",16040,1995-05-30,1005,NA,21,7.02,71.6,6.19,NA,0.58,NA,NA,NA,NA,NA,NA,NA,NA,NA,NA,NA,NA,"NA","NA","NA","NA","NA","NA","NA","NA","BDL","NA","NA","NA","NA","NA",NA
"QPA",16252,1995-06-06,920,NA,22,7.17,71.7,7.6,NA,0.53,NA,NA,NA,NA,NA,5,NA,NA,NA,NA,NA,NA,"NA","NA","NA","NA","NA","NA","NA","NA","NA","NA","NA","NA","NA","NA",NA
"QPA",16265,1995-06-13,1025,NA,23,7.03,63.5,6.8,NA,0.57,NA,NA,NA,NA,NA,4,NA,NA,NA,NA,NA,NA,"NA","NA","NA","NA","NA","NA","NA","NA","NA","NA","NA","NA","NA","NA",NA
"QPA",16278,1995-06-20,1030,NA,25,6.81,86.9,2.46,NA,0.3,NA,NA,NA,NA,NA,NA,NA,NA,NA,NA,NA,NA,"NA","NA","NA","NA","NA","NA","NA","NA","BDL","NA","NA","NA","NA","NA",NA
"QPA",16291,1995-06-27,1000,NA,25,7.14,86.1,8.01,NA,0.49,6.39,0.27,3.59,4.09,NA,NA,NA,NA,NA,NA,17.96,NA,"NA","NA","NA","NA","NA","NA","NA","NA","BDL","NA","NA","NA","NA","NA",NA
"QPA",16347,1995-07-05,1015,NA,22,6.96,71.6,7.29,NA,0.72,4.98,0.35,2.34,2.74,NA,8,NA,NA,NA,NA,12.75,NA,"NA","NA","NA","NA","NA","NA","NA","NA","NA","NA","NA","NA","NA","NA",NA
"QPA",16360,1995-07-11,1020,NA,22,7.22,80.9,8.44,NA,0.49,6.43,0.38,3.51,4.12,NA,NA,NA,NA,NA,NA,19.33,NA,"NA","NA","NA","NA","NA","NA","NA","NA","NA","NA","NA","NA","NA","NA",NA
"QPA",16373,1995-07-18,1010,NA,22,7.06,89.4,7.05,NA,0.52,6.3,0.4,3.34,4.14,NA,NA,NA,NA,NA,NA,18.14,NA,"NA","NA","NA","NA","NA","NA","NA","NA","BDL","NA","NA","NA","NA","NA",NA
"QPA",16386,1995-07-26,950,NA,22,7.47,85.9,6.7,NA,0.49,NA,NA,NA,NA,NA,NA,NA,NA,NA,NA,NA,NA,"NA","NA","NA","NA","NA","NA","NA","NA","NA","NA","NA","NA","NA","NA",NA
"QPA",16399,1995-08-01,1153,NA,22,7.19,79.6,NA,NA,NA,NA,NA,NA,NA,NA,NA,NA,NA,NA,NA,NA,NA,"BDL","NA","BDL","NA","NA","NA","NA","NA","NA","NA","NA","NA","NA","NA",NA
"QPA",16412,1995-08-08,1052,NA,22,7.05,82.4,8.35,NA,1.21,NA,NA,NA,NA,NA,6,NA,NA,NA,NA,NA,NA,"NA","NA","NA","NA","NA","NA","NA","NA","NA","NA","NA","NA","NA","NA",NA
"QPA",16425,1995-08-15,NA,NA,NA,NA,NA,NA,NA,NA,NA,NA,NA,NA,NA,NA,NA,NA,NA,NA,NA,NA,"NA","NA","NA","NA","NA","NA","NA","NA","NA","NA","NA","NA","NA","NA",NA
"QPA",16438,1995-08-22,1025,NA,22,7.12,71.9,6.88,NA,0.63,NA,NA,NA,NA,NA,NA,NA,NA,NA,NA,NA,NA,"NA","NA","NA","NA","NA","NA","NA","NA","NA","NA","NA","NA","NA","NA",NA
"QPA",16451,1995-08-29,1150,NA,22,7.02,90.7,4.23,NA,0.37,NA,NA,NA,NA,NA,NA,NA,NA,NA,NA,NA,NA,"NA","NA","NA","NA","NA","NA","NA","NA","BDL","NA","NA","NA","NA","NA",NA
"QPA",16464,1995-09-12,1050,NA,22,7.13,79.3,6.75,NA,0.52,NA,NA,NA,NA,NA,8,NA,NA,NA,NA,NA,NA,"NA","NA","NA","NA","NA","NA","NA","NA","NA","NA","NA","NA","NA","NA",NA
"QPA",16477,1995-09-19,1035,NA,21.9,7.04,70.9,8.73,NA,0.49,NA,NA,NA,NA,NA,NA,NA,NA,NA,NA,NA,NA,"NA","NA","NA","NA","NA","NA","NA","NA","BDL","NA","NA","NA","NA","NA",NA
"QPA",16490,1995-09-26,1200,NA,21.5,7.09,74,0.39,NA,0.12,NA,NA,NA,NA,NA,NA,NA,NA,NA,NA,NA,NA,"NA","NA","NA","NA","NA","NA","NA","NA","NA","NA","NA","NA","NA","NA",NA
"QPA",16503,1995-10-03,945,NA,22,7.29,76,0.38,NA,0.31,NA,NA,NA,NA,NA,NA,NA,NA,NA,NA,NA,NA,"NA","NA","NA","NA","NA","NA","NA","NA","NA","NA","NA","NA","NA","NA",NA
"QPA",16516,1995-10-10,1020,NA,22,7.01,79,0.25,NA,NA,NA,NA,NA,NA,NA,NA,NA,NA,NA,NA,NA,NA,"NA","NA","BDL","NA","NA","NA","NA","NA","NA","NA","NA","NA","NA","NA",NA
"QPA",16529,1995-10-17,1050,NA,23,7.08,86,NA,NA,NA,NA,NA,NA,NA,NA,NA,NA,NA,NA,NA,NA,NA,"NA","NA","NA","NA","NA","NA","NA","NA","NA","NA","NA","NA","NA","NA",NA
"QPA",16542,1995-10-24,1100,NA,22,6.92,73.5,NA,NA,NA,NA,NA,NA,NA,NA,NA,NA,NA,NA,NA,NA,NA,"NA","NA","NA","NA","NA","NA","NA","NA","BDL","NA","NA","NA","NA","NA",NA
"QPA",16555,1995-10-31,1025,NA,22,7.17,81.5,NA,NA,NA,NA,NA,NA,NA,NA,NA,NA,NA,NA,NA,NA,NA,"NA","NA","NA","NA","NA","NA","NA","NA","NA","NA","NA","NA","NA","NA",NA
"QPA",16568,1995-11-07,1040,NA,22.5,7.16,73.1,NA,NA,NA,NA,NA,NA,NA,NA,NA,NA,NA,NA,NA,NA,NA,"NA","NA","NA","NA","NA","NA","NA","NA","NA","NA","NA","NA","NA","NA",NA
"QPA",16581,1995-11-14,1030,NA,22,7.37,80.1,NA,NA,NA,NA,NA,NA,NA,NA,NA,NA,NA,NA,NA,NA,NA,"NA","NA","NA","NA","NA","NA","NA","NA","BDL","NA","NA","NA","NA","NA",NA
"QPA",16594,1995-11-21,1130,NA,22,7.39,86,NA,NA,NA,NA,NA,NA,NA,NA,NA,NA,NA,NA,NA,NA,NA,"NA","NA","NA","NA","NA","NA","NA","NA","NA","NA","NA","NA","NA","NA",NA
"QPA",16607,1995-11-28,1055,NA,22,7.24,86.4,7.21,NA,0.56,NA,NA,NA,NA,NA,NA,NA,NA,NA,NA,NA,NA,"NA","NA","NA","NA","NA","NA","NA","NA","BDL","NA","NA","NA","NA","NA",NA
"QPA",16620,1995-12-05,1050,NA,22,7.35,89.9,8.22,NA,0.49,NA,NA,NA,NA,NA,NA,NA,NA,NA,NA,NA,NA,"NA","NA","NA","NA","NA","NA","NA","NA","BDL","NA","NA","NA","NA","NA",NA
"QPA",16633,1995-12-12,1150,NA,22,7.26,78.7,8.13,NA,0.58,5.87,0.33,3.1,3.81,NA,NA,NA,NA,NA,NA,16.88,NA,"NA","NA","NA","NA","NA","NA","NA","NA","BDL","NA","NA","NA","NA","NA",NA
"QPA",16646,1995-12-19,1200,NA,22,7.1,76.5,7.61,NA,0.53,5,0.5,2.2,2.49,NA,NA,NA,NA,NA,NA,12.18,NA,"NA","NA","NA","NA","NA","NA","NA","NA","BDL","NA","NA","NA","NA","NA",NA
"QPA",16659,1995-12-26,1145,NA,22,7.6,80.3,7.52,NA,0.39,6.99,0.38,4.03,4.96,NA,NA,NA,NA,NA,NA,20.42,NA,"NA","NA","NA","NA","NA","NA","NA","NA","NA","NA","NA","NA","NA","NA",NA
"QPA",16672,1996-01-02,1200,NA,22,7.54,88.7,9.09,NA,0.6,7.17,0.37,3.69,4.49,NA,NA,NA,NA,NA,NA,19.76,NA,"NA","NA","NA","NA","NA","NA","NA","NA","NA","NA","NA","NA","NA","NA",NA
"QPA",16685,1996-01-09,1050,NA,22,7.47,81.4,5.97,NA,0.5,7.34,0.41,3.66,4.27,NA,NA,NA,NA,NA,NA,18.51,NA,"NA","NA","NA","NA","NA","NA","NA","NA","NA","NA","NA","NA","NA","NA",NA
"QPA",16698,1996-01-16,1150,NA,22,7.21,58,6.23,NA,0.52,4.7,0.4,2.19,1.89,NA,NA,NA,NA,NA,NA,13.38,NA,"NA","NA","NA","NA","NA","NA","NA","NA","BDL","NA","NA","NA","NA","NA",NA
"QPA",16711,1996-01-23,1032,NA,21,7.15,71.6,10.52,NA,0.63,7.43,0.47,3.18,3.54,NA,NA,NA,NA,NA,NA,15.1,NA,"NA","NA","NA","NA","NA","NA","NA","NA","NA","NA","NA","NA","NA","NA",NA
"QPA",16724,1996-01-30,1100,NA,21,7.11,71.4,12.65,NA,0.72,10.66,0.58,3.9,4.57,NA,NA,NA,NA,NA,NA,16.29,NA,"NA","NA","NA","NA","NA","NA","NA","NA","BDL","NA","NA","NA","NA","NA",NA
"QPA",16765,1996-02-06,1130,NA,21,7.15,66.2,8.29,NA,0.59,5.52,0.49,2.55,3.41,NA,NA,NA,NA,NA,NA,14.85,NA,"NA","NA","NA","NA","NA","NA","NA","NA","BDL","NA","NA","NA","NA","NA",NA
"QPA",16771,1996-02-13,1100,NA,21,7.3,78.1,8.67,NA,0.44,6.09,0.29,2.91,3.53,NA,NA,NA,NA,NA,NA,18.98,NA,"NA","NA","NA","NA","NA","NA","NA","NA","NA","NA","NA","NA","NA","NA",NA
"QPA",16788,1996-02-20,1100,NA,21,7.29,81.1,8.46,NA,0.5,6.67,0.44,3.42,4.06,NA,NA,NA,NA,NA,NA,19.68,NA,"NA","NA","NA","NA","NA","NA","NA","NA","BDL","NA","NA","NA","NA","NA",NA
"QPA",16801,1996-02-27,1100,NA,21,7.51,85.3,8.59,NA,0.46,6.42,0.38,3.57,4.5,NA,NA,NA,NA,NA,NA,20.36,NA,"NA","NA","NA","NA","NA","NA","NA","NA","NA","NA","NA","NA","NA","NA",NA
"QPA",16814,1996-03-05,1135,NA,21,7.37,78.6,8.52,NA,0.68,6.07,0.36,2.9,3.54,NA,NA,NA,NA,NA,NA,16.2,NA,"NA","NA","NA","NA","NA","NA","NA","NA","NA","NA","NA","NA","NA","NA",NA
"QPA",16827,1996-03-12,943,NA,21,7.35,67.4,12.45,NA,0.79,8.09,0.32,4.53,5.02,NA,NA,NA,NA,NA,NA,15.26,NA,"NA","NA","NA","NA","NA","NA","NA","NA","BDL","NA","NA","NA","NA","NA",NA
"QPA",16840,1996-03-19,1050,NA,21,7.41,81.9,8.5,NA,0.52,6.87,0.34,3.43,3.35,NA,NA,NA,NA,NA,NA,19.42,NA,"NA","NA","NA","NA","NA","NA","NA","NA","BDL","NA","NA","NA","NA","NA",NA
"QPA",16853,1996-03-26,1100,NA,21,7.5,89.9,8.54,NA,0.52,6.87,0.4,3.66,4.58,NA,NA,NA,NA,NA,NA,23.15,NA,"NA","NA","NA","NA","NA","NA","NA","NA","BDL","NA","NA","NA","NA","NA",NA
"QPA",16866,1996-04-02,1130,NA,22,7.44,86.9,8.29,NA,0.53,6.6,0.5,3.57,4.1,NA,5,NA,NA,NA,NA,19.96,NA,"NA","NA","NA","NA","NA","NA","NA","NA","NA","NA","NA","NA","NA","NA",NA
"QPA",16879,1996-04-09,1120,NA,22,7.49,86.6,8.36,NA,0.52,6.81,0.5,3.36,4.29,NA,NA,NA,NA,NA,NA,21.97,NA,"NA","NA","NA","NA","NA","NA","NA","NA","BDL","NA","NA","NA","NA","NA",NA
"QPA",16892,1996-04-16,1045,NA,21,7.14,63.2,9.24,NA,0.62,5.45,0.32,2.18,2.3,NA,NA,NA,NA,NA,NA,11.78,NA,"NA","NA","NA","NA","NA","NA","NA","NA","BDL","NA","NA","NA","NA","NA",NA
"QPA",16905,1996-04-23,1100,NA,22,7.33,81.1,7.92,NA,0.57,5.91,0.66,2.92,3.41,NA,4,NA,NA,NA,NA,14.61,NA,"NA","NA","NA","NA","NA","NA","NA","NA","NA","NA","NA","NA","NA","NA",NA
"QPA",16918,1996-04-30,1000,NA,22,7.25,60.8,11.45,NA,0.7,5.61,0.41,2.16,2.81,NA,NA,NA,NA,NA,NA,11.72,NA,"NA","NA","NA","NA","NA","NA","NA","NA","BDL","NA","NA","NA","NA","NA",NA
"QPA",16931,1996-05-07,1030,NA,22,7.2,61.6,9.4,NA,0.66,4.91,0.42,1.74,2.12,NA,NA,NA,NA,NA,NA,8.42,NA,"NA","NA","NA","NA","NA","NA","NA","NA","BDL","NA","NA","NA","NA","NA",NA
"QPA",16944,1996-05-14,1100,NA,21,7.1,60.7,8,NA,0.49,5.46,0.36,2.32,2.69,NA,NA,NA,NA,NA,NA,14.44,NA,"NA","NA","NA","NA","NA","NA","NA","NA","BDL","NA","NA","NA","NA","NA",NA
"QPA",16957,1996-05-21,1120,NA,23,7.47,81.1,8.27,NA,0.45,6.38,0.48,3.21,3.96,NA,9,NA,NA,NA,NA,21.96,NA,"NA","NA","NA","NA","NA","NA","NA","NA","NA","NA","NA","NA","NA","NA",NA
"QPA",16970,1996-05-28,1018,NA,22.5,7.24,73.1,8.38,NA,0.47,6.32,0.21,3.18,4.11,NA,NA,NA,NA,NA,NA,NA,NA,"NA","NA","NA","NA","NA","NA","NA","NA","BDL","NA","NA","NA","NA","NA",NA
"QPA",16983,1996-06-04,1014,NA,22.5,7.01,56.7,8.16,NA,0.76,5.29,0.36,2.15,2.67,NA,NA,NA,NA,NA,NA,8.76,NA,"NA","NA","NA","NA","NA","NA","NA","NA","BDL","NA","NA","NA","NA","NA",NA
"QPA",16996,1996-06-11,1000,NA,22,6.99,57.9,8.18,NA,0.67,5.25,0.3,1.96,2.73,NA,NA,NA,NA,NA,NA,10.95,NA,"NA","NA","NA","NA","NA","NA","NA","NA","BDL","NA","NA","NA","NA","NA",NA
"QPA",17009,1996-06-18,946,NA,22,6.95,59.8,14.42,NA,0.9,9.16,0.51,3.59,4.13,NA,NA,NA,NA,NA,NA,NA,NA,"NA","NA","NA","NA","NA","NA","NA","NA","BDL","NA","NA","NA","NA","NA",NA
"QPA",17022,1996-06-25,1030,NA,23,7.41,83.1,8.34,NA,0.44,6.18,0.33,2.93,3.78,NA,NA,NA,NA,NA,NA,15.04,NA,"NA","NA","NA","NA","NA","NA","NA","NA","BDL","NA","NA","NA","NA","NA",NA
"QPA",17035,1996-07-02,1100,NA,23,7.3,81.6,9,NA,0.51,6.94,0.3,3.5,4.15,NA,NA,NA,NA,NA,NA,16.64,NA,"NA","NA","NA","NA","NA","NA","NA","NA","BDL","NA","NA","NA","NA","NA",NA
"QPA",17048,1996-07-09,1120,NA,22,7.2,76.1,11.24,NA,0.64,6.79,0.44,2.7,3.35,NA,NA,NA,NA,NA,NA,14.05,NA,"NA","NA","NA","NA","NA","NA","NA","NA","BDL","NA","NA","NA","NA","NA",NA
"QPA",17061,1996-07-16,NA,NA,NA,NA,NA,NA,NA,NA,NA,NA,NA,NA,NA,NA,NA,NA,NA,NA,NA,NA,"NA","NA","NA","NA","NA","NA","NA","NA","NA","NA","NA","NA","NA","NA",NA
"QPA",17074,1996-07-23,1120,NA,23,7.4,81.4,11.36,NA,0.65,8.37,0.52,4.52,5.65,NA,13,NA,NA,NA,NA,15.88,NA,"NA","NA","NA","NA","NA","NA","NA","NA","NA","NA","NA","NA","NA","NA",NA
"QPA",17087,1996-07-30,1015,NA,23,7.39,80.7,8.71,65,NA,6.36,0.37,3.06,4.36,NA,5,NA,NA,NA,NA,20.13,NA,"NA","NA","NA","NA","NA","NA","NA","NA","NA","NA","NA","NA","NA","NA",NA
"QPA",18000,1996-08-06,1145,NA,23,7.29,79.1,12.15,NA,0.77,7.94,0.45,3.81,4.96,NA,NA,NA,NA,NA,NA,12.68,NA,"NA","NA","NA","NA","NA","NA","NA","NA","BDL","NA","NA","NA","NA","NA",NA
"QPA",18013,1996-08-13,1130,NA,23,7.45,81.9,8.49,NA,0.46,6.49,0.47,3.29,4.16,NA,5,NA,NA,NA,NA,18.49,NA,"NA","NA","NA","NA","NA","NA","NA","NA","NA","NA","NA","NA","NA","NA",NA
"QPA",18026,1996-08-20,1030,NA,23,7.31,80,8.51,NA,0.44,6.04,0.42,3.1,3.38,NA,NA,NA,NA,NA,NA,17.15,NA,"NA","NA","NA","NA","NA","NA","NA","NA","BDL","NA","NA","NA","NA","NA",NA
"QPA",18039,1996-08-27,1100,NA,23,7.39,69.6,8.77,NA,0.51,6.51,0.32,3.42,4.64,NA,NA,NA,NA,NA,NA,17.23,NA,"NA","NA","NA","NA","NA","NA","NA","NA","BDL","NA","NA","NA","NA","NA",NA
"QPA",18052,1996-09-03,1040,NA,24,7.34,86.8,8.73,NA,0.43,6.81,0.32,3.73,5,NA,NA,NA,NA,NA,NA,18.29,NA,"NA","NA","NA","NA","NA","NA","NA","NA","BDL","NA","NA","NA","NA","NA",NA
"QPA",18065,1996-09-10,1230,NA,22,7.21,51,7.31,NA,0.49,4.83,0.15,1.68,2.34,NA,NA,NA,NA,NA,NA,NA,NA,"NA","NA","NA","NA","NA","NA","NA","NA","BDL","NA","NA","NA","NA","NA",NA
"QPA",18078,1996-09-17,1130,NA,23,7.34,72.7,8.03,NA,0.47,5.96,0.48,3.03,3.54,NA,NA,NA,NA,NA,NA,15.23,NA,"NA","NA","NA","NA","NA","NA","NA","NA","BDL","NA","NA","NA","NA","NA",NA
"QPA",18091,1996-09-24,1200,NA,24,7.5,79.6,8.49,NA,0.45,6.14,0.2,3.44,3.71,NA,NA,NA,NA,NA,NA,20.2,NA,"NA","NA","NA","NA","NA","NA","NA","NA","BDL","NA","NA","NA","NA","NA",NA
"QPA",19004,1996-10-01,1200,NA,23,7.35,80.5,8.1,NA,0.47,6.3,0.38,3.31,4.05,NA,NA,NA,NA,NA,NA,20.3,NA,"NA","NA","NA","NA","NA","NA","NA","NA","BDL","NA","NA","NA","NA","NA",NA
"QPA",19017,1996-10-08,945,NA,23,7.35,81.1,7.63,NA,0.47,6.27,0.42,3.48,4.18,NA,NA,NA,NA,NA,NA,20.74,NA,"NA","NA","NA","NA","NA","NA","NA","NA","BDL","NA","NA","NA","NA","NA",NA
"QPA",19030,1996-10-15,1145,NA,23,7.67,87.9,7.78,95,NA,7.83,0.47,3.67,4.51,NA,NA,NA,NA,NA,NA,4.37,NA,"NA","NA","NA","NA","NA","NA","NA","NA","BDL","NA","NA","NA","NA","NA",NA
"QPA",19043,1996-10-22,1140,NA,23,7.45,91.3,7.96,103,NA,7.02,0.38,3.8,4.72,NA,NA,NA,NA,NA,NA,8.97,NA,"NA","NA","NA","NA","NA","NA","NA","NA","BDL","NA","NA","NA","NA","NA",NA
"QPA",19056,1996-10-29,1130,NA,23,7.44,66.5,6.75,108,NA,6.94,0.52,2.35,2.92,NA,NA,NA,NA,NA,NA,0.69,NA,"NA","NA","NA","NA","NA","NA","NA","NA","BDL","NA","NA","NA","NA","NA",NA
"QPA",19069,1996-11-05,1015,NA,23,7.22,64.6,6.8,85,NA,5.64,0.32,2.5,3.05,NA,NA,NA,NA,NA,NA,10.94,NA,"NA","NA","NA","NA","NA","NA","NA","NA","BDL","NA","NA","NA","NA","NA",NA
"QPA",19082,1996-11-12,930,NA,22,6.9,33.3,5.42,20,NA,3.84,0.26,0.88,0.95,NA,6,NA,NA,NA,NA,NA,NA,"NA","NA","NA","NA","NA","NA","NA","NA","NA","NA","NA","NA","NA","NA",NA
"QPA",19095,1996-11-19,1115,NA,22,7.32,68.1,7.44,74,NA,6.13,0.53,2.58,3.39,NA,NA,NA,NA,NA,NA,13.55,NA,"NA","NA","NA","NA","NA","NA","NA","NA","BDL","NA","NA","NA","NA","NA",NA
"QPA",19108,1996-11-26,1120,NA,22,7.36,70.9,8.86,93,NA,7.75,1.17,2.6,3.69,NA,NA,NA,NA,NA,NA,9.55,NA,"NA","NA","NA","NA","NA","NA","NA","NA","NA","NA","NA","NA","NA","NA",NA
"QPA",19121,1996-12-03,850,NA,22,7.56,72.2,8.01,94,NA,6.21,0.44,2.95,3.88,NA,NA,NA,NA,NA,NA,9.42,NA,"NA","NA","NA","NA","NA","NA","NA","NA","BDL","NA","NA","NA","NA","NA",NA
"QPA",19134,1996-12-10,1125,NA,21,7.46,82.7,8.17,105,NA,6.2,0.35,3.36,4.11,NA,NA,NA,NA,NA,NA,6.59,NA,"NA","NA","NA","NA","NA","NA","NA","NA","BDL","NA","NA","NA","NA","NA",NA
"QPA",19147,1996-12-17,1125,NA,22,7.28,89.1,10.55,86,NA,9.09,0.65,4.08,8.96,NA,NA,NA,NA,NA,NA,8.2,NA,"NA","NA","NA","NA","NA","NA","NA","NA","BDL","NA","NA","NA","NA","NA",NA
"QPA",19160,1996-12-24,1130,NA,21,7.44,83.7,8.53,87,NA,6.68,0.37,3.44,4.37,NA,NA,NA,NA,NA,NA,22.28,NA,"NA","NA","NA","NA","NA","NA","NA","NA","BDL","NA","NA","NA","NA","NA",NA
"QPA",19186,1997-01-08,1010,NA,21,7.59,78.3,8.11,91,1.96,6.25,0.35,3.23,4.1,NA,NA,NA,NA,NA,NA,25.44,NA,"NA","NA","NA","NA","NA","NA","NA","NA","BDL","NA","NA","NA","NA","NA",NA
"QPA",19199,1997-01-14,1220,NA,21,7.44,92.5,8.12,123,NA,7.54,0.57,4.08,5.54,NA,6,NA,NA,NA,NA,25.5,NA,"NA","NA","NA","NA","NA","NA","NA","NA","NA","NA","NA","NA","NA","NA",NA
"QPA",19212,1997-01-21,1120,NA,21,7.22,54.1,6.63,134,NA,4.75,0.4,1.91,2.68,NA,NA,NA,NA,NA,NA,1.41,NA,"NA","NA","NA","NA","NA","NA","NA","NA","BDL","NA","NA","NA","NA","NA",NA
"QPA",19225,1997-01-28,1210,NA,20,7.26,72.8,8.94,100,NA,6.84,0.46,2.79,3.8,NA,NA,NA,NA,NA,NA,9.6,NA,"NA","NA","NA","NA","NA","NA","NA","NA","BDL","NA","NA","NA","NA","NA",NA
"QPA",19233,1997-02-04,1130,NA,20,7.14,81.7,7.8,101,NA,6.16,0.44,3.02,3.57,NA,NA,NA,NA,NA,NA,25.43,NA,"NA","NA","NA","NA","NA","NA","NA","NA","BDL","NA","NA","NA","NA","NA",NA
"QPA",19245,1997-02-11,1120,NA,20,6.88,86,10.4,24,NA,7.4,0.37,1.85,1.76,NA,5,NA,NA,NA,NA,6.93,NA,"NA","NA","NA","NA","NA","NA","NA","NA","NA","NA","NA","NA","NA","NA",NA
"QPA",19258,1997-02-18,1110,NA,20,6.88,83.4,8.31,88,NA,6.5,0.39,3.17,4.11,NA,NA,NA,NA,NA,NA,18.46,NA,"NA","NA","NA","NA","NA","NA","NA","NA","BDL","NA","NA","NA","NA","NA",NA
"QPA",19273,1997-02-25,1230,NA,22,7.16,76.1,8.43,72,NA,6.99,1.47,2.8,3.49,NA,NA,NA,NA,NA,NA,2.45,NA,"NA","NA","NA","NA","NA","NA","NA","NA","BDL","NA","NA","NA","NA","NA",NA
"QPA",19285,1997-03-04,1100,NA,21,7.09,79.1,9.22,84,NA,6.68,0.51,2.78,3.36,NA,NA,NA,NA,NA,NA,2.29,NA,"NA","NA","NA","NA","NA","NA","NA","NA","BDL","NA","NA","NA","NA","NA",NA
"QPA",19297,1997-03-11,1120,NA,20,7.39,79.1,8.43,88,NA,6.98,0.45,3.19,3.96,NA,NA,NA,NA,NA,NA,3.52,NA,"NA","NA","NA","NA","NA","NA","NA","NA","BDL","NA","NA","NA","NA","NA",NA
"QPA",19309,1997-03-18,1100,NA,20,7,76.8,8.53,80,NA,6.77,0.61,3.17,4.11,NA,NA,NA,NA,NA,NA,16.21,NA,"NA","NA","NA","NA","NA","NA","NA","NA","BDL","NA","NA","NA","NA","NA",NA
"QPA",19321,1997-03-25,955,NA,20,7.29,89.6,9.26,106,NA,7.91,0.46,3.78,4.9,NA,NA,NA,NA,NA,NA,3.71,NA,"NA","NA","NA","NA","NA","NA","NA","NA","BDL","NA","NA","NA","NA","NA",NA
"QPA",19333,1997-04-01,1040,NA,20,7.24,92.2,NA,NA,NA,8.08,0.44,3.46,4.9,NA,NA,NA,NA,NA,NA,7.51,NA,"NA","NA","NA","NA","NA","NA","NA","NA","BDL","NA","NA","NA","NA","NA",NA
"QPA",19345,1997-04-08,1140,NA,19.5,7.26,89.7,12.55,65,0.88,8.89,0.42,3.46,5.8,NA,14,1.68,NA,0.3,NA,11.83,NA,"NA","NA","NA","NA","NA","NA","NA","NA","NA","NA","NA","NA","NA","NA",NA
"QPA",19357,1997-04-15,920,NA,21,7.46,91.1,12.18,93,NA,5.32,NA,NA,4.36,NA,NA,0.3,NA,NA,NA,4.44,NA,"NA","NA","NA","NA","NA","NA","NA","NA","BDL","NA","NA","NA","NA","NA",NA
"QPA",19369,1997-04-22,1005,NA,21,7.23,109.2,10.57,103,NA,11.82,1.05,5.03,6.99,NA,5,NA,NA,NA,NA,NA,NA,"NA","NA","NA","NA","NA","NA","NA","NA","NA","NA","NA","NA","NA","NA",NA
"QPA",19381,1997-04-29,1040,NA,21,7.08,109.7,9.93,102,NA,9.02,0.31,4.74,6.63,NA,NA,NA,NA,NA,NA,3.91,NA,"NA","NA","NA","NA","NA","NA","NA","NA","BDL","NA","NA","NA","NA","NA",NA
"QPA",19393,1997-05-06,1100,NA,21,7.32,98.5,8.71,64,NA,8.86,0.56,4.27,5.61,NA,NA,NA,NA,NA,NA,1.2,NA,"NA","NA","NA","NA","NA","NA","NA","NA","BDL","NA","NA","NA","NA","NA",NA
"QPA",19405,1997-05-13,1100,NA,22,7.4,101.3,9.71,66,NA,7.06,0.53,3.33,4.31,NA,NA,NA,NA,NA,NA,1.32,NA,"NA","NA","NA","NA","NA","NA","NA","NA","BDL","NA","NA","NA","NA","NA",NA
"QPA",19417,1997-05-20,1000,NA,21,6.59,102.5,8.73,108,NA,8.18,0.37,4.2,6.13,NA,14,NA,NA,NA,NA,23.76,NA,"NA","NA","NA","NA","NA","NA","NA","NA","NA","NA","NA","NA","NA","NA",NA
"QPA",19429,1997-05-27,1100,NA,21,7.29,104.5,9.69,113,NA,8.92,0.9,4.62,6.66,NA,NA,NA,NA,NA,NA,3.53,NA,"NA","NA","NA","NA","NA","NA","NA","NA","BDL","NA","NA","NA","NA","NA",NA
"QPA",19441,1997-06-03,1050,NA,21,6.32,101.3,8.45,58,0.91,5.12,0.18,1.42,2.08,NA,NA,NA,NA,NA,NA,17.18,NA,"NA","NA","NA","NA","NA","NA","NA","NA","BDL","NA","NA","NA","NA","NA",NA
"QPA",19453,1997-06-10,1045,NA,22,6.93,97.1,9.75,69,NA,7.3,0.6,4.18,5.97,NA,15,NA,NA,NA,NA,20.64,NA,"NA","NA","NA","NA","NA","NA","NA","NA","NA","NA","NA","NA","NA","NA",NA
"QPA",19465,1997-06-17,1045,NA,22,7.27,92.5,8.59,50,NA,8.42,0.7,3.73,4.76,NA,NA,NA,NA,NA,NA,3.35,NA,"NA","NA","NA","NA","NA","NA","NA","NA","BDL","NA","NA","NA","NA","NA",NA
"QPA",19477,1997-06-24,1050,NA,22,7.06,76.4,10.99,131,NA,6.46,0.75,1.99,3.47,NA,NA,NA,NA,NA,NA,10.92,NA,"NA","NA","NA","NA","NA","NA","NA","NA","BDL","NA","NA","NA","NA","NA",NA
"QPA",19489,1997-07-01,1120,NA,23,7.46,90.8,8.52,85,NA,6.57,0.37,3.5,4.87,NA,NA,NA,NA,NA,NA,1.32,NA,"NA","NA","NA","NA","NA","NA","NA","NA","BDL","NA","NA","NA","NA","NA",NA
"QPA",19501,1997-07-08,1110,NA,23,7.12,83.3,9.96,163,NA,7.52,0.32,2.56,4.56,NA,NA,NA,NA,NA,NA,20.37,NA,"NA","NA","NA","NA","NA","NA","NA","NA","BDL","NA","NA","NA","NA","NA",NA
"QPA",19513,1997-07-15,1100,NA,23,6.83,84.9,9.88,137,1.87,6.75,0.4,2.54,4.68,NA,NA,NA,NA,NA,NA,23.06,NA,"NA","NA","NA","NA","NA","NA","NA","NA","BDL","NA","NA","NA","NA","NA",NA
"QPA",19525,1997-07-23,135,NA,22,6.67,68.9,8.54,39,NA,5.28,0.35,1.57,2.96,NA,NA,NA,NA,NA,NA,22.58,NA,"NA","NA","NA","NA","NA","NA","NA","NA","BDL","NA","NA","NA","NA","NA",NA
"QPA",19537,1997-08-01,1000,NA,23,7.16,58.4,7.78,57,NA,5.18,0.28,1.68,3.31,NA,NA,NA,NA,NA,NA,25.93,NA,"NA","NA","NA","NA","NA","NA","NA","NA","BDL","NA","NA","NA","NA","NA",NA
"QPA",19549,1997-08-05,1115,NA,22,7.3,82.5,8.38,56,NA,7.74,0.5,3.52,4.52,NA,NA,NA,NA,NA,NA,20.3,NA,"NA","NA","NA","NA","NA","NA","NA","NA","BDL","NA","NA","NA","NA","NA",NA
"QPA",19561,1997-08-12,1110,NA,23,6.97,83.1,8.29,41,NA,5.81,0.72,3.17,3.78,NA,NA,NA,NA,NA,NA,7.87,NA,"NA","NA","NA","NA","NA","NA","NA","NA","BDL","NA","NA","NA","NA","NA",NA
"QPA",19573,1997-08-19,1100,NA,23,7.43,96.6,10.06,74,NA,7.02,0.22,3.65,6.03,NA,NA,NA,NA,NA,NA,22.37,NA,"NA","NA","NA","NA","NA","NA","NA","NA","BDL","NA","NA","NA","NA","NA",NA
"QPA",19585,1997-08-26,1013,NA,22.5,6.6,62.4,4.49,17,2.84,2.87,0.16,1.15,1.27,NA,NA,NA,NA,NA,NA,3.38,NA,"NA","NA","NA","NA","NA","NA","NA","NA","BDL","NA","NA","NA","NA","NA",NA
"QPA",19597,1997-09-02,1055,NA,23,6.95,80.2,10.32,80,NA,7.88,0.24,2.64,4.31,NA,NA,NA,NA,NA,NA,18.43,NA,"NA","NA","NA","NA","NA","NA","NA","NA","BDL","NA","NA","NA","NA","NA",NA
"QPA",19609,1997-09-09,1140,NA,23,7.11,94.2,8.42,78,NA,7.05,0.19,4.25,5.27,NA,NA,NA,NA,NA,NA,25.95,NA,"NA","NA","NA","NA","NA","NA","NA","NA","BDL","NA","NA","NA","NA","NA",NA
"QPA",19621,1997-09-16,1140,NA,23,7.17,76.4,6.06,8,NA,4.51,0.41,1.87,3.39,NA,NA,NA,NA,NA,NA,11.89,NA,"NA","NA","NA","NA","NA","NA","NA","NA","BDL","NA","NA","NA","NA","NA",NA
"QPA",19633,1997-09-23,1330,NA,NA,6.48,61.2,9.3,NA,0.69,7.12,0.46,2.62,3.25,NA,8,NA,NA,NA,NA,20.56,NA,"NA","BDL","NA","NA","NA","NA","NA","NA","NA","NA","NA","NA","NA","NA",NA
"QPA",19645,1997-09-30,1110,NA,23,6.92,78.7,11.01,59,0.68,7.73,0.21,2.46,4.19,NA,5,NA,NA,NA,NA,18.88,NA,"NA","NA","NA","NA","NA","NA","NA","NA","NA","NA","NA","NA","NA","NA",NA
"QPA",19656,1997-10-07,1030,NA,22,7.06,77.4,8.29,98,0.52,6.15,0.3,2.75,3.1,NA,NA,NA,NA,NA,NA,19.77,NA,"NA","NA","NA","NA","NA","NA","NA","NA","BDL","NA","NA","NA","NA","NA",NA
"QPA",19667,1997-10-14,1000,NA,22,6.65,46.1,5.51,65,0.53,4.52,0.37,1.56,2.1,NA,NA,NA,NA,NA,NA,10.66,NA,"NA","NA","NA","NA","NA","NA","NA","NA","BDL","NA","NA","NA","NA","NA",NA
"QPA",19678,1997-10-21,NA,NA,NA,7.36,75.9,3.88,44,0.27,3.66,0.26,1.21,2.54,NA,NA,NA,NA,NA,NA,22.77,NA,"NA","NA","NA","NA","NA","NA","NA","NA","BDL","NA","NA","NA","NA","NA",NA
"QPA",19689,1997-10-28,1006,NA,23,7.4,95.1,8.08,15,0.45,6.86,0.35,3.56,4.34,NA,NA,NA,NA,NA,NA,23.89,NA,"NA","NA","NA","NA","NA","NA","NA","NA","BDL","NA","NA","NA","NA","NA",NA
"QPA",19700,1997-11-04,1010,NA,22,7.37,85.2,6.53,76,0.45,6.14,1.48,2.78,3.73,NA,NA,NA,NA,NA,NA,22.54,NA,"NA","NA","NA","NA","NA","NA","NA","NA","BDL","NA","NA","NA","NA","NA",NA
"QPA",19711,1997-11-11,910,NA,22,6.08,55.8,19.02,7,1.39,14.72,1.69,3.2,2.48,NA,NA,NA,NA,NA,NA,17.07,NA,"NA","NA","NA","NA","NA","NA","NA","NA","BDL","NA","NA","NA","NA","NA",NA
"QPA",19722,1997-11-18,1130,NA,23,7.11,61.2,5.85,20,0.48,4.87,0.24,1.31,2.37,NA,NA,NA,NA,NA,NA,13.84,NA,"NA","NA","NA","NA","NA","NA","NA","NA","BDL","NA","NA","NA","NA","NA",NA
"QPA",19733,1997-11-25,1040,NA,22,7.12,89.6,NA,NA,NA,NA,NA,NA,NA,NA,NA,NA,NA,NA,NA,NA,NA,"NA","NA","NA","NA","NA","NA","NA","NA","BDL","NA","NA","NA","NA","NA",NA
"QPA",19744,1997-12-02,1130,NA,22,7.43,25.5,5.06,32,0.26,4.21,0.28,1.72,3.19,NA,12,0.99,NA,0.24,NA,13.62,NA,"NA","NA","NA","NA","NA","NA","NA","NA","NA","NA","NA","NA","NA","NA",NA
"QPA",19755,1997-12-09,1100,NA,21,7.37,75.9,1.09,NA,NA,0.76,0.09,0.36,1.14,NA,6,0.42,NA,0.12,NA,17.17,NA,"NA","BDL","BDL","NA","NA","NA","NA","NA","NA","NA","NA","NA","NA","NA",NA
"QPA",19766,1997-12-16,1100,NA,22,7.28,92.1,1.97,NA,0.15,1.31,0.09,0.64,2.66,NA,NA,NA,NA,NA,NA,13.74,NA,"NA","NA","NA","NA","NA","NA","NA","NA","BDL","NA","NA","NA","NA","NA",NA
"QPA",19777,1997-12-23,1040,NA,22,7.25,96.1,9.86,99,NA,7.59,0.23,2.72,5,NA,6,1.28,NA,0.35,NA,18.79,NA,"NA","NA","NA","NA","NA","NA","NA","NA","NA","NA","NA","NA","NA","NA",NA
"QPA",19788,1997-12-30,1050,NA,22,7.51,82.1,8.39,75,NA,7.24,0.36,3.99,4.86,NA,NA,1.87,NA,0.36,NA,21.68,NA,"NA","NA","NA","NA","NA","NA","NA","NA","BDL","NA","NA","NA","NA","NA",NA
"QPA",19799,1998-01-07,NA,NA,NA,NA,NA,NA,NA,NA,NA,NA,NA,NA,NA,NA,NA,NA,NA,NA,NA,NA,"NA","NA","NA","NA","NA","NA","NA","NA","NA","NA","NA","NA","NA","NA",NA
"QPA",19810,1998-01-13,1050,NA,22,6.96,82.3,10.66,98,0.66,7.12,0.3,2.62,4.5,25,4,2.01,NA,0.3,NA,16.87,0.17,"NA","NA","NA","NA","NA","NA","NA","NA","NA","NA","NA","NA","NA","NA",NA
"QPA",19821,1998-01-20,1100,NA,22,7.39,80.4,1.43,10,0.14,1.08,0.11,0.52,1.71,12,NA,0.51,NA,NA,NA,25.28,0.03,"NA","NA","NA","NA","NA","NA","NA","NA","BDL","NA","NA","BDL","NA","NA",NA
"QPA",19832,1998-01-27,1100,NA,21,7.31,89.1,14.51,46,0.39,3.47,0.14,1.32,2.23,21,6,2.19,NA,0.12,NA,18.85,0.06,"NA","NA","NA","NA","NA","NA","NA","NA","NA","NA","NA","NA","NA","NA",NA
"QPA",19843,1998-02-03,1115,NA,21,7.14,93.7,5.91,52,0.4,4.49,0.2,1.79,3.94,80,12,1.93,NA,0.28,NA,19.81,0.15,"NA","NA","NA","NA","NA","NA","NA","NA","NA","NA","NA","NA","NA","NA",NA
"QPA",19854,1998-02-10,1005,NA,21,6.71,64.2,0.92,8,NA,0.75,0.13,0.49,0.95,15,8,0.75,NA,0.15,NA,17.36,0.12,"NA","NA","BDL","NA","NA","NA","NA","NA","NA","NA","NA","NA","NA","NA",NA
"QPA",19865,1998-02-17,1110,NA,21,7.5,88.8,9.05,NA,0.57,6.84,0.41,4.11,5.4,NA,NA,NA,NA,NA,NA,25.27,NA,"NA","NA","NA","NA","NA","NA","NA","NA","BDL","NA","NA","NA","NA","NA",NA
"QPA",19876,1998-02-24,NA,NA,NA,7.56,100.1,6.84,NA,0.47,6.61,0.34,4.3,5.97,NA,NA,NA,NA,NA,NA,27.51,NA,"NA","NA","NA","NA","NA","NA","NA","NA","BDL","NA","NA","NA","NA","NA",NA
"QPA",19887,1998-03-03,1140,NA,21,7.27,94.4,10.66,170,0.8,8.61,0.54,3.09,5.04,NA,5,0.67,NA,NA,NA,19.81,NA,"NA","NA","NA","NA","NA","NA","NA","NA","NA","NA","NA","NA","NA","NA",NA
"QPA",19898,1998-03-10,1240,NA,21,7.16,63.2,8.33,48,0.98,6.18,0.4,2.2,2.43,NA,NA,NA,NA,NA,NA,17.91,NA,"NA","NA","NA","NA","NA","NA","NA","NA","BDL","NA","NA","NA","NA","NA",NA
"QPA",19909,1998-03-17,1145,NA,20,7.2,88,11.07,112,0.71,7.62,0.36,2.5,4.37,NA,6,0.99,NA,0.25,NA,13.96,0.13,"NA","NA","NA","NA","NA","NA","NA","BDL","NA","NA","NA","NA","NA","NA",NA
"QPA",19920,1998-03-24,1110,NA,20,7.43,81.1,8.45,64,0.79,7.32,0.73,3.3,3.97,NA,NA,NA,NA,NA,NA,22.99,NA,"NA","NA","NA","NA","NA","NA","NA","NA","BDL","NA","NA","NA","NA","NA",NA
"QPA",19931,1998-03-31,1135,NA,20,7.19,83.5,10.52,20,0.68,7.78,0.31,2.57,4.56,5,5,1.97,NA,0.12,NA,14.26,0.1,"NA","NA","NA","NA","NA","NA","NA","NA","NA","NA","NA","NA","NA","NA",NA
"QPA",19942,1998-04-07,1145,NA,21,7.14,85.6,10.09,137,0.66,7.38,0.34,2.68,4.59,38,11,1.93,NA,0.36,NA,18.54,0.19,"NA","NA","NA","NA","NA","NA","NA","NA","NA","NA","NA","NA","NA","NA",NA
"QPA",19953,1998-04-14,1100,NA,20,7.42,75.5,12.18,NA,0.98,10.29,0.52,4.38,5.16,NA,NA,NA,NA,NA,NA,23.66,NA,"NA","NA","NA","NA","NA","NA","NA","NA","BDL","NA","NA","NA","NA","NA",NA
"QPA",19964,1998-04-21,1150,NA,20,7.14,78.9,0.66,NA,NA,0.37,0.23,0.3,1.9,40,8,0.4,NA,0.12,NA,13.74,NA,"NA","NA","BDL","NA","NA","NA","NA","NA","NA","NA","NA","NA","NA","NA",NA
"QPA",19975,1998-04-28,1050,NA,20,7.05,86.2,1.92,NA,0.16,1.46,0.08,0.49,1.91,12,10,0.7,NA,NA,NA,18.79,0.02,"NA","BDL","NA","NA","NA","NA","NA","NA","NA","NA","NA","BDL","NA","NA",NA
"QPA",19986,1998-05-05,1140,NA,21,7.38,79.2,7.15,177,0.65,7.35,0.78,2.49,4.17,NA,NA,1.24,NA,0.48,NA,23.03,NA,"NA","NA","NA","NA","NA","NA","NA","NA","NA","NA","NA","NA","NA","NA",NA
"QPA",19997,1998-05-12,1115,NA,22,7.15,88.4,10.55,119,0.72,8.4,0.32,2.96,5.05,NA,NA,NA,NA,NA,NA,20.84,NA,"NA","NA","NA","NA","NA","NA","NA","NA","BDL","NA","NA","NA","NA","NA",NA
"QPA",20008,1998-05-19,1110,NA,22,7.45,93.4,1.58,13,0.19,1.48,0.14,0.91,1.65,NA,10,0.38,NA,NA,NA,23.49,0.05,"NA","NA","NA","NA","NA","NA","NA","BDL","NA","NA","NA","BDL","NA","NA",NA
"QPA",20019,1998-05-26,1144,NA,22,7.36,66.7,6.67,175,0.7,5.73,0.51,2.66,3.55,NA,NA,NA,NA,NA,NA,17.11,NA,"NA","NA","NA","NA","NA","NA","NA","NA","BDL","NA","NA","NA","NA","NA",NA
"QPA",20030,1998-06-02,1120,NA,22,7.32,88.6,NA,NA,NA,NA,NA,NA,NA,NA,NA,NA,NA,NA,NA,24.38,NA,"NA","NA","NA","NA","NA","NA","NA","NA","BDL","NA","NA","NA","NA","NA",NA
"QPA",20041,1998-06-09,1050,NA,22,7.48,97.1,NA,NA,NA,NA,NA,NA,NA,NA,NA,NA,NA,NA,NA,26.71,NA,"NA","NA","NA","NA","NA","NA","NA","NA","BDL","NA","NA","NA","NA","NA",NA
"QPA",20052,1998-06-16,1200,NA,23,7.35,71.8,5,94,0.5,4.84,0.37,2.15,2.97,NA,NA,NA,NA,NA,NA,19.36,NA,"NA","NA","NA","NA","NA","NA","NA","NA","BDL","NA","NA","NA","NA","NA",NA
"QPA",20063,1998-06-23,1100,NA,23,7.25,73.7,NA,NA,NA,2.95,0.32,0.36,0.44,NA,NA,NA,NA,NA,NA,19.79,NA,"NA","NA","NA","NA","NA","NA","NA","NA","BDL","NA","NA","NA","NA","NA",NA
"QPA",20074,1998-06-30,1130,NA,23,7.23,75,NA,NA,NA,NA,NA,NA,NA,NA,NA,NA,NA,NA,NA,16.57,NA,"NA","NA","NA","NA","NA","NA","NA","NA","BDL","NA","NA","NA","NA","NA",NA
"QPA",20085,1998-07-11,1230,NA,23,7.34,78.4,NA,NA,NA,NA,NA,NA,NA,NA,NA,NA,NA,NA,NA,22.19,NA,"NA","NA","NA","NA","NA","NA","NA","NA","BDL","NA","NA","NA","NA","NA",NA
"QPA",20096,1998-07-14,1120,NA,22,7.47,95.7,NA,NA,NA,NA,NA,NA,NA,NA,NA,NA,NA,NA,NA,26.24,NA,"NA","NA","NA","NA","NA","NA","NA","NA","BDL","NA","NA","NA","NA","NA",NA
"QPA",20107,1998-07-21,1120,NA,23,7.35,67.9,6.8,31,0.58,5.5,0.49,2.55,3.61,8,5,1.83,NA,0.18,NA,19.63,0.14,"NA","NA","NA","NA","NA","NA","NA","NA","NA","NA","NA","NA","NA","NA",NA
"QPA",20118,1998-07-28,1110,NA,22,7.09,75.6,8.85,81,0.64,6.68,0.41,2.25,4.09,NA,NA,1.53,NA,0.25,NA,17.82,0.17,"NA","NA","NA","NA","NA","NA","NA","BDL","BDL","NA","NA","NA","NA","NA",NA
"QPA",20129,1998-08-04,1120,NA,23,7.29,96.4,8.06,141,0.54,6.98,0.35,3.95,5.35,NA,NA,0.69,NA,0.25,NA,29.86,0.11,"NA","NA","NA","NA","NA","NA","NA","BDL","BDL","NA","NA","NA","NA","NA",NA
"QPA",20140,1998-08-11,1105,NA,23,7.37,78.3,8.13,66,0.54,6.13,0.45,2.99,3.94,NA,NA,1.04,NA,0.16,NA,23.83,0.09,"NA","NA","NA","NA","NA","NA","NA","BDL","BDL","NA","NA","NA","NA","NA",NA
"QPA",20151,1998-08-18,1205,NA,23,7.37,73.1,8.08,117,0.61,6.12,0.42,2.91,3.91,16,NA,1.48,NA,0.17,NA,19.85,0.03,"NA","NA","NA","NA","NA","NA","NA","NA","BDL","NA","NA","NA","NA","NA",NA
"QPA",20162,1998-08-25,1200,NA,22,6.89,61.6,6.36,104,0.6,4.86,0.36,1.92,2.66,NA,NA,1.4,NA,0.24,NA,15.52,0.13,"NA","NA","NA","NA","NA","NA","NA","BDL","BDL","NA","NA","NA","NA","NA",NA
"QPA",20173,1998-09-01,1145,NA,23,7.5,82.3,2.76,47,0.24,2.5,0.19,1.27,2.22,NA,NA,0.4,NA,0.09,NA,23.3,0.03,"NA","NA","NA","NA","NA","NA","NA","BDL","BDL","NA","NA","NA","NA","NA",NA
"QPA",20184,1998-09-08,NA,NA,NA,7.1,48.7,6.34,44,0.5,4.51,0.23,1.75,2.02,NA,NA,0.43,NA,0.11,NA,11.99,0.07,"NA","NA","NA","NA","NA","NA","NA","BDL","BDL","NA","NA","NA","NA","NA",NA
"QPA",20195,1998-09-15,1100,NA,21,NA,37,0.36,6,NA,1.54,0.68,NA,0.27,27,NA,0.85,NA,0.1,NA,6.4,0.07,"NA","NA","BDL","NA","NA","BDL","NA","NA","BDL","NA","NA","NA","NA","NA",NA
"QPA",20206,1998-09-29,1000,NA,22,7.4,72.6,8.54,8,0.57,6.26,0.72,2.82,3.19,NA,6,NA,NA,NA,NA,19.65,NA,"NA","NA","NA","NA","NA","NA","NA","BDL","NA","NA","NA","NA","NA","NA",NA
"QPA",20218,1998-10-06,1008,NA,22.5,7.53,88.7,5.8,17,0.45,6.73,1.61,1.97,2.92,NA,NA,0.7,NA,0.09,NA,20.25,0.07,"NA","NA","NA","NA","NA","NA","NA","BDL","BDL","NA","NA","NA","NA","NA",NA
"QPA",20229,1998-10-13,1205,NA,23,7.39,98.4,5.01,77,0.39,4.1,0.35,2.36,4.2,NA,NA,0.65,NA,0.25,NA,25.89,NA,"NA","NA","NA","NA","NA","NA","NA","NA","NA","NA","NA","NA","NA","NA",NA
"QPA",20236,1998-10-20,1115,NA,23,7.88,88.1,10.33,366,1,6.1,0.91,2.55,3.66,16,NA,1.95,NA,0.51,NA,19.21,0.13,"NA","NA","NA","NA","NA","NA","NA","NA","BDL","NA","NA","NA","NA","NA",NA
"QPA",20253,1998-10-27,1125,NA,22,7.31,110.8,8.51,232,0.67,6.82,0.75,3.26,4.29,36,NA,1.11,NA,0.31,NA,27.82,0.05,"NA","NA","NA","NA","NA","NA","NA","NA","BDL","NA","NA","NA","NA","NA",NA
"QPA",20258,1998-11-03,1110,NA,23,7.29,89,12.08,210,0.81,8.49,0.78,2.7,4.43,35,NA,0.82,NA,0.41,NA,19.57,0.16,"NA","NA","NA","NA","NA","NA","NA","NA","BDL","NA","NA","NA","NA","NA",NA
"QPA",20291,1998-11-10,1110,NA,22,7.48,85.2,9,509,0.81,6.81,0.57,3.35,4.44,12,NA,NA,NA,NA,NA,25.15,NA,"NA","NA","NA","NA","NA","NA","NA","NA","BDL","NA","NA","NA","NA","NA",NA
"QPA",20317,1998-11-17,1110,NA,22,7.33,77.8,11,183,3.52,6.31,0.65,2.23,3.86,8,NA,0.65,NA,0.37,NA,15.52,0.18,"NA","NA","NA","NA","NA","NA","NA","NA","BDL","NA","NA","NA","NA","NA",NA
"QPA",20322,1998-11-24,1000,NA,21.5,7.26,74.2,8.89,39,0.69,8.15,0.8,3.35,5.1,NA,18,0.71,NA,0.49,NA,32.68,NA,"NA","NA","NA","NA","NA","NA","NA","NA","NA","NA","NA","NA","NA","NA",NA
"QPA",20327,1998-12-01,1100,NA,21,7.19,64.3,8.26,393,0.72,6.1,0.63,2.56,3.57,NA,NA,2.38,NA,0.93,NA,13.02,0.53,"NA","NA","NA","NA","NA","NA","NA","BDL","BDL","NA","NA","NA","NA","NA",NA
"QPA",20332,1998-12-08,1023,NA,21.5,7.23,61.7,7.88,111,0.54,5.96,0.5,2.66,3.15,21,NA,0.44,NA,0.15,NA,16.11,0.02,"NA","NA","NA","NA","NA","NA","NA","NA","BDL","NA","NA","NA","NA","NA",NA
"QPA",20337,1998-12-15,950,NA,21.5,7.2,64.5,8.44,138,0.56,5.39,0.49,2.29,2.64,31,NA,0.36,NA,0.18,NA,16.6,NA,"NA","NA","NA","NA","NA","NA","NA","NA","BDL","NA","NA","NA","NA","BDL",NA
"QPA",20372,1998-12-22,1110,NA,22,7.26,87.3,11.42,246,0.75,7.89,0.54,2.82,4.76,NA,NA,NA,NA,NA,NA,19.26,NA,"NA","NA","NA","NA","NA","NA","NA","NA","NA","NA","NA","NA","NA","NA",NA
"QPA",20389,1998-12-29,1100,NA,20.5,7.04,60.3,8.24,243,0.66,5.71,0.52,1.98,2.86,22,7,3.42,NA,0.36,NA,NA,0.09,"NA","NA","NA","NA","NA","NA","NA","NA","NA","NA","NA","NA","NA","NA",NA
"QPA",20404,1999-01-05,NA,NA,NA,7.21,79.8,9.05,147,0.75,6.48,0.43,2.94,3.43,9,7,1.19,NA,0.48,NA,NA,0.32,"NA","NA","NA","NA","NA","NA","NA","NA","NA","NA","NA","NA","NA","NA",NA
"QPA",20394,1999-01-12,1100,NA,22,7.3,86.8,11.68,239,0.87,7.81,0.56,2.77,4.68,8,9,2.65,NA,0.58,NA,NA,0.34,"NA","NA","NA","NA","NA","NA","NA","NA","NA","NA","NA","NA","NA","NA",NA
"QPA",20399,1999-01-19,1130,NA,20,7.51,81.8,8.35,204,0.66,6.68,0.5,3.44,4.28,NA,6,0.8,NA,0.31,NA,NA,0.1,"NA","NA","NA","NA","NA","NA","NA","BDL","NA","NA","NA","NA","NA","NA",NA
"QPA",20407,1999-01-26,945,NA,19,7.48,59.4,NA,NA,NA,NA,NA,NA,NA,NA,NA,NA,NA,NA,NA,NA,NA,"NA","NA","NA","NA","NA","NA","NA","NA","NA","NA","NA","NA","NA","NA",NA
"QPA",20442,1999-02-02,1008,NA,19,7.4,67.2,9.4,307,0.59,6.39,0.56,3.03,4.01,6,NA,0.99,NA,0.72,NA,20.13,0.41,"NA","NA","NA","NA","NA","NA","NA","NA","BDL","NA","NA","NA","NA","NA",NA
"QPA",20447,1999-02-09,1030,NA,19.5,7.54,84.8,8.77,203,0.72,6.95,0.42,3.3,2.83,10,6,0.58,NA,0.46,NA,NA,0.25,"NA","NA","NA","NA","NA","NA","NA","NA","NA","NA","NA","NA","NA","NA",NA
"QPA",20452,1999-02-16,1100,NA,19.5,7.6,91.7,9.02,206,0.56,6.91,0.4,3.85,5.29,16,NA,0.77,NA,0.31,NA,26.1,0.09,"NA","NA","NA","NA","NA","NA","NA","NA","BDL","NA","NA","NA","NA","NA",NA
"QPA",20457,1999-02-23,1040,NA,19.5,7.57,98.9,8.7,166,0.54,6.95,0.51,4.37,4.6,6,NA,0.62,NA,0.26,NA,27.33,0.09,"NA","NA","NA","NA","NA","NA","NA","NA","BDL","NA","NA","NA","NA","NA",NA
"QPA",20485,1999-03-02,1120,NA,20,7.56,102.2,8.89,173,0.53,7.56,0.43,4.25,5.59,NA,NA,5.32,NA,0.48,NA,25.77,0.3,"NA","NA","NA","NA","NA","NA","NA","BDL","BDL","NA","NA","NA","NA","NA",NA
"QPA",20507,1999-03-09,1020,NA,20.5,7.77,102.5,8.91,NA,0.47,7.21,0.41,4.24,5.83,15,NA,0.58,NA,0.55,NA,29.05,NA,"NA","NA","NA","NA","NA","NA","NA","NA","BDL","NA","NA","NA","NA","NA",NA
"QPA",20520,1999-03-16,1035,NA,20.5,7.64,94.3,10.19,NA,0.7,7.39,0.41,4.61,6.41,NA,NA,5.51,NA,0.57,NA,29.4,NA,"NA","NA","NA","NA","NA","NA","NA","BDL","BDL","NA","NA","NA","NA","NA",NA
"QPA",20533,1999-03-23,1130,NA,21,7.64,104.9,10.03,237,0.72,7.56,0.45,4.58,6.41,6,NA,1.62,NA,0.52,NA,27.99,0.28,"NA","NA","NA","NA","NA","NA","NA","NA","BDL","NA","NA","NA","NA","NA",NA
"QPA",20546,1999-03-30,1105,NA,21,7.73,102.3,10.89,267,0.75,7.45,0.55,4.43,4.93,8,NA,6.66,NA,0.48,NA,27.54,0.2,"NA","NA","NA","NA","NA","NA","NA","NA","BDL","NA","NA","NA","NA","NA",NA
"QPA",20551,1999-04-06,1105,NA,20,7.65,103.4,9.1,323,0.53,6.84,0.45,4.25,5.86,10,NA,5.87,NA,0.75,NA,28.11,0.42,"NA","NA","NA","NA","NA","NA","NA","NA","BDL","NA","NA","NA","NA","NA",NA
"QPA",20556,1999-04-13,1120,NA,21,7.56,96.6,8.52,168,0.56,7.27,0.47,4.39,5.9,NA,NA,NA,NA,NA,NA,27.27,NA,"NA","NA","NA","NA","NA","NA","NA","NA","NA","NA","NA","NA","NA","NA",NA
"QPA",20577,1999-04-20,1045,NA,22,7.34,103.5,8.9,66,0.54,1.65,0.1,1.52,2.76,6,4,1.75,NA,0.16,NA,26.56,0.09,"NA","NA","NA","NA","NA","NA","NA","NA","NA","NA","NA","NA","NA","NA",NA
"QPA",20582,1999-04-27,210,NA,23,7.63,97.2,10.8,131,0.87,8.59,0.68,4.3,4.83,21,8,0.99,NA,0.27,NA,21.6,0.12,"NA","NA","NA","NA","NA","NA","NA","NA","NA","NA","NA","NA","NA","NA",NA
"QPA",20587,1999-05-04,1100,NA,23,7.72,105.3,25.45,101,1.35,16.02,0.92,5.16,4.54,12,9,0.76,NA,0.24,NA,26.93,0.12,"NA","NA","NA","NA","NA","NA","NA","NA","NA","NA","NA","NA","NA","NA",NA
"QPA",20607,1999-05-11,1130,NA,21,7.36,87.4,8.94,144,0.72,6.75,0.5,3.49,4,NA,9,1.44,NA,0.21,NA,21.67,0.06,"NA","NA","NA","NA","NA","NA","NA","BDL","NA","NA","NA","NA","NA","NA",NA
"QPA",20612,1999-05-18,1000,NA,22.5,7.63,102,NA,NA,NA,NA,NA,NA,NA,NA,NA,NA,NA,NA,NA,NA,NA,"NA","NA","NA","NA","NA","NA","NA","NA","NA","NA","NA","NA","NA","NA",NA
"QPA",20617,1999-05-25,1030,NA,22.5,7.32,83.5,NA,NA,NA,1.15,0.13,NA,NA,NA,NA,NA,NA,NA,NA,NA,NA,"NA","NA","NA","NA","NA","BDL","BDL","NA","NA","NA","NA","NA","NA","NA",NA
"QPA",20622,1999-06-01,1100,NA,23,7.34,106.6,11.44,156,0.82,10.53,0.8,5.59,3.46,16,7,0.78,NA,0.23,NA,28.99,0.06,"NA","NA","NA","NA","NA","NA","NA","NA","NA","NA","NA","NA","NA","NA",NA
"QPA",20643,1999-06-08,1020,NA,22.5,7.5,107.9,8.91,114,0.93,8.47,0.48,4.59,6.07,7,8,0.79,NA,0.2,NA,23.51,0.08,"NA","NA","NA","NA","NA","NA","NA","NA","NA","NA","NA","NA","NA","NA",NA
"QPA",20648,1999-06-15,1030,NA,23,7.43,97.3,13.66,189,0.95,11.86,1.14,5.8,5.67,28,8,0.99,NA,0.23,NA,26.51,NA,"NA","NA","NA","NA","NA","NA","NA","NA","NA","NA","NA","NA","NA","BDL",NA
"QPA",20669,1999-06-22,1100,NA,23,7.3,72.3,16.04,275,1.51,12.4,0.82,4.22,3.46,18,8,1.19,NA,0.3,NA,19.52,NA,"NA","NA","NA","NA","NA","NA","NA","NA","NA","NA","NA","NA","NA","BDL",NA
"QPA",20674,1999-06-29,1050,NA,23,7.53,91.5,8.49,101,0.67,7.5,0.44,3.98,5.07,12,8,0.83,NA,0.2,NA,23.83,0.09,"NA","NA","NA","NA","NA","NA","NA","NA","NA","NA","NA","NA","NA","NA",NA
"QPA",20679,1999-07-06,1055,NA,22.5,7.32,91.9,9.87,121,0.59,8.24,0.47,4.48,4.69,NA,6,1.27,NA,0.23,NA,25.5,0.1,"NA","NA","NA","NA","NA","NA","NA","BDL","NA","NA","NA","NA","NA","NA",NA
"QPA",20684,1999-07-13,1145,NA,22,7.43,59.1,11.2,260,1.04,6.81,0.71,2.36,2.94,NA,6,1.58,NA,0.3,NA,14.14,0.03,"NA","NA","NA","NA","NA","NA","NA","BDL","NA","NA","NA","NA","NA","NA",NA
"QPA",20704,1999-07-20,1100,NA,23,7.56,78.9,2.69,22,0.2,2.19,0.2,1.23,2.63,NA,6,0.45,NA,NA,NA,23.56,0.02,"NA","NA","NA","NA","NA","NA","NA","BDL","NA","NA","NA","BDL","NA","NA",11.2
"QPA",20725,1999-07-22,345,NA,NA,7.52,71.2,13.69,114,0.97,11.22,0.77,4.54,3.5,7,7,1.3,NA,0.22,NA,23.84,0.1,"NA","NA","NA","NA","NA","NA","NA","NA","NA","NA","NA","NA","NA","NA",9.12
"QPA",20730,1999-08-03,1120,NA,23,7.54,79.7,8.09,66,0.76,6.59,0.38,3.44,4.52,NA,6,1.18,NA,0.14,NA,22.68,0.07,"NA","NA","NA","NA","NA","NA","NA","BDL","NA","NA","NA","NA","NA","NA",NA
"QPA",20735,1999-08-10,1020,NA,23,7.53,85.2,7.94,88,0.69,7.56,0.49,3.6,4.91,NA,8,0.95,NA,0.18,NA,19.3,0.1,"NA","NA","NA","NA","NA","NA","NA","BDL","NA","NA","NA","NA","NA","NA",NA
"QPA",20740,1999-08-17,1110,NA,23,7.36,67.7,7.79,37,0.69,6.98,0.48,2.86,3.66,NA,6,1.66,NA,0.1,NA,19.89,0.06,"NA","NA","NA","NA","NA","NA","NA","BDL","NA","NA","NA","NA","NA","NA",NA
"QPA",20745,1999-08-24,1200,NA,23,7.65,71.2,9.75,131,0.93,8.38,0.75,3.3,4.19,NA,7,1.45,NA,0.19,NA,19.07,0.05,"NA","NA","NA","NA","NA","NA","NA","BDL","NA","NA","NA","NA","NA","NA",NA
"QPA",20750,1999-08-31,1127,NA,23,7.31,81.8,8.67,128,0.8,7.32,0.44,3.44,4.66,NA,7,1.1,NA,0.2,NA,18.89,0.08,"NA","NA","NA","NA","NA","NA","NA","BDL","NA","NA","NA","NA","NA","NA",NA
"QPA",20755,1999-09-07,1120,NA,23,7.51,79.7,2.6,12,0.19,2.25,0.05,1.04,2.35,7,5,0.28,NA,NA,NA,18.7,0.04,"NA","NA","NA","NA","NA","NA","NA","NA","NA","NA","NA","BDL","NA","NA",NA
"QPA",20760,1999-09-14,1130,NA,21.5,7.45,67.4,5.83,181,0.71,4.93,0.36,2.32,3.23,11,6,1.53,NA,0.29,NA,17.19,0.1,"NA","NA","NA","NA","NA","NA","NA","NA","NA","NA","NA","NA","NA","NA",NA
"QPA",20779,1999-09-21,1130,NA,21,7.6,82.9,NA,NA,NA,NA,NA,NA,NA,NA,NA,NA,NA,NA,NA,NA,NA,"NA","NA","NA","NA","NA","NA","NA","NA","NA","NA","NA","NA","NA","NA",NA
"QPA",20799,1999-09-28,235,NA,19.5,7.05,51,NA,NA,NA,NA,NA,NA,NA,NA,NA,NA,NA,NA,NA,NA,NA,"NA","NA","NA","NA","NA","NA","NA","NA","NA","NA","NA","NA","NA","NA",NA
"QPA",20804,1999-10-05,1100,NA,21,7.26,69.2,NA,NA,NA,NA,NA,NA,NA,NA,NA,NA,NA,NA,NA,NA,NA,"NA","NA","NA","NA","NA","NA","NA","NA","NA","NA","NA","NA","NA","NA",NA
"QPA",20809,1999-10-12,300,NA,22,7.22,60.3,NA,NA,NA,NA,NA,NA,NA,NA,NA,NA,NA,NA,NA,NA,NA,"NA","NA","NA","NA","NA","NA","NA","NA","NA","NA","NA","NA","NA","NA",NA
"QPA",20829,1999-10-19,1150,NA,22,7.5,83.9,NA,NA,NA,NA,NA,NA,NA,NA,NA,NA,NA,NA,NA,NA,NA,"NA","NA","NA","NA","NA","NA","NA","NA","NA","NA","NA","NA","NA","NA",NA
"QPA",1174110001,2015-08-24,1100,NA,NA,NA,NA,NA,NA,NA,NA,NA,NA,NA,NA,NA,NA,NA,NA,NA,NA,NA,"NA","NA","NA","NA","NA","NA","NA","NA","NA","NA","NA","NA","NA","NA",NA
